"uid","domainID","siteID","pitNamedLocation","pitID","horizonID","horizonName","setDate","collectDate","archiveID","archiveLaboratoryName","archiveTopDepth","archiveBottomDepth","remarks","sampleMass","publicationDate","release"
"e37b222a-b4e6-459f-90df-576aae0d11ab","D01","BART","MEGAPT100963","1_BARTLETT_PIT1","1_BARTLETT_PIT1_BS1","Bs1",2013-08-19,2013-08-19,"1_BARTLETT_PIT1_9-15_ARCHIVE_BS1","NEON",9,15,NA,2169.4,"20201217T033307Z","RELEASE-2021"
"49af139c-ca27-4176-8357-305c91cf58de","D01","BART","MEGAPT100963","1_BARTLETT_PIT1","1_BARTLETT_PIT1_OE","Oe",2013-08-19,2013-08-19,"1_BARTLETT_PIT1_0-3_ARCHIVE_OE","NEON",0,3,NA,897,"20201217T033307Z","RELEASE-2021"
"743ea442-38bf-4abe-bdfa-93175d8fdd79","D01","BART","MEGAPT100963","1_BARTLETT_PIT1","1_BARTLETT_PIT1_BC","BC",2013-08-19,2013-08-19,"1_BARTLETT_PIT1_40-73_ARCHIVE_BC","NEON",40,73,NA,3071.4,"20201217T033307Z","RELEASE-2021"
"bd73bd6e-f6e4-461e-9996-34801d2210b2","D01","BART","MEGAPT100963","1_BARTLETT_PIT1","1_BARTLETT_PIT1_C1","C1",2013-08-19,2013-08-19,"1_BARTLETT_PIT1_73-140_ARCHIVE_C1","NEON",73,140,NA,3555.8,"20201217T033307Z","RELEASE-2021"
"e4e12f74-7e79-4ccd-ba25-72f1d0a34619","D01","BART","MEGAPT100963","1_BARTLETT_PIT1","1_BARTLETT_PIT1_E","E",2013-08-19,2013-08-19,"1_BARTLETT_PIT1_5-9_ARCHIVE_E","NEON",5,9,NA,1662.2,"20201217T033307Z","RELEASE-2021"
"2824f36b-0290-4b39-be84-856a59827b31","D01","BART","MEGAPT100963","1_BARTLETT_PIT1","1_BARTLETT_PIT1_BW","Bw",2013-08-19,2013-08-19,"1_BARTLETT_PIT1_22-40_ARCHIVE_BW","NEON",22,40,NA,3150.9,"20201217T033307Z","RELEASE-2021"
"75c7372e-537f-47b2-a5bc-4ab01f557fe0","D01","BART","MEGAPT100963","1_BARTLETT_PIT1","1_BARTLETT_PIT1_BS2","Bs2",2013-08-19,2013-08-19,"1_BARTLETT_PIT1_15-22_ARCHIVE_BS2","NEON",15,22,NA,2519.6,"20201217T033307Z","RELEASE-2021"
"7e438b0d-b75b-4fb6-ad0e-d2e269a5a53f","D01","BART","MEGAPT100963","1_BARTLETT_PIT1","1_BARTLETT_PIT1_A","A",2013-08-19,2013-08-19,"1_BARTLETT_PIT1_3-5_ARCHIVE_A","NEON",3,5,NA,567.2,"20201217T033307Z","RELEASE-2021"
"472e5633-ee44-4bad-8754-cb49696cc78a","D01","BART","MEGAPT100963","1_BARTLETT_PIT1","1_BARTLETT_PIT1_C2","C2",2013-08-19,2013-08-19,"1_BARTLETT_PIT1_140-200_ARCHIVE_C2","NEON",140,200,NA,3601.2,"20201217T033307Z","RELEASE-2021"
"b66ebb04-33e0-4978-955d-d8c3e63a4205","D01","HARV","MEGAPT100973","1_HARVARD_PIT1","1_HARVARD_PIT1_BW/E","Bw/E",2012-07-17,2012-07-17,"1_HARVARD_PIT1_17-32_ARCHIVE_BW/E","NEON",17,32,NA,1200,"20201216T230651Z","RELEASE-2021"
"50a870f5-ff6f-4d53-97eb-bf28b9ee8e16","D01","HARV","MEGAPT100973","1_HARVARD_PIT1","1_HARVARD_PIT1_2BC","2BC",2012-07-17,2012-07-17,"1_HARVARD_PIT1_82-96_ARCHIVE_2BC","NEON",82,96,NA,1201.3,"20201216T230651Z","RELEASE-2021"
"5e090c20-dbdb-4952-bcce-9a8a0a09e66a","D01","HARV","MEGAPT100973","1_HARVARD_PIT1","1_HARVARD_PIT1_AP","Ap",2012-07-17,2012-07-17,"1_HARVARD_PIT1_9-17_ARCHIVE_AP","NEON",9,17,NA,1200.1,"20201216T230651Z","RELEASE-2021"
"32ce59f3-e771-4792-8347-351f7ad37c1f","D01","HARV","MEGAPT100973","1_HARVARD_PIT1","1_HARVARD_PIT1_BW1","Bw1",2012-07-17,2012-07-17,"1_HARVARD_PIT1_32-53_ARCHIVE_BW1","NEON",32,53,NA,1200,"20201216T230651Z","RELEASE-2021"
"94623572-9a91-45ee-941e-836ff00147a9","D01","HARV","MEGAPT100973","1_HARVARD_PIT1","1_HARVARD_PIT1_2CD2","2Cd2",2012-07-17,2012-07-17,"1_HARVARD_PIT1_133-160_ARCHIVE_2CD2","NEON",133,160,NA,1201.9,"20201216T230651Z","RELEASE-2021"
"7ff31a7f-049e-493c-a368-5f84af2e6ebf","D01","HARV","MEGAPT100973","1_HARVARD_PIT1","1_HARVARD_PIT1_BW2","Bw2",2012-07-17,2012-07-17,"1_HARVARD_PIT1_53-82_ARCHIVE_BW2","NEON",53,82,NA,1200.5,"20201216T230651Z","RELEASE-2021"
"ec946ffa-d942-4861-8e21-440d65f7191e","D01","HARV","MEGAPT100973","1_HARVARD_PIT1","1_HARVARD_PIT1_2CD1","2Cd1",2012-07-17,2012-07-17,"1_HARVARD_PIT1_113-133_ARCHIVE_2CD1","NEON",113,133,NA,1200.3,"20201216T230651Z","RELEASE-2021"
"4239725e-39b6-4181-840f-cee9e4cc2680","D01","HARV","MEGAPT100973","1_HARVARD_PIT1","1_HARVARD_PIT1_OI","Oi",2012-07-17,2012-07-17,"1_HARVARD_PIT1_0-4_ARCHIVE_OI","NEON",0,4,NA,665.6,"20201216T230651Z","RELEASE-2021"
"1d8f7410-bb16-4c1a-b45b-96cfbde86fae","D01","HARV","MEGAPT100973","1_HARVARD_PIT1","1_HARVARD_PIT1_A","A",2012-07-17,2012-07-17,"1_HARVARD_PIT1_4-9_ARCHIVE_A","NEON",4,9,NA,1200.3,"20201216T230651Z","RELEASE-2021"
"1bfaf789-d417-4f68-859f-7b1d5ba6900d","D01","HARV","MEGAPT100973","1_HARVARD_PIT1","1_HARVARD_PIT1_2C","2C",2012-07-17,2012-07-17,"1_HARVARD_PIT1_96-113_ARCHIVE_2C","NEON",96,113,NA,1200.8,"20201216T230651Z","RELEASE-2021"
"68077855-d958-45da-b278-6068333dd403","D02","BLAN","MEGAPT100965","2_BLANDY_PIT1","2_BLANDY_PIT1_C1","C1",2013-01-14,2013-01-14,"2_BLANDY_PIT1_84-128_ARCHIVE_C1","NEON",84,128,NA,1202,"20201217T021806Z","RELEASE-2021"
"b375b471-31fe-48d6-a6de-94c24cd6b4c4","D02","BLAN","MEGAPT100965","2_BLANDY_PIT1","2_BLANDY_PIT1_BT2","Bt2",2013-01-14,2013-01-14,"2_BLANDY_PIT1_51-84_ARCHIVE_BT2","NEON",51,84,NA,1201.3,"20201217T021806Z","RELEASE-2021"
"38c5e824-299a-4f6d-9f45-6116b848b187","D02","BLAN","MEGAPT100965","2_BLANDY_PIT1","2_BLANDY_PIT1_O","O",2013-01-14,2013-01-14,"2_BLANDY_PIT1_0-2_ARCHIVE_OI","NEON",0,2,NA,659,"20201217T021806Z","RELEASE-2021"
"b7b6e826-54f5-4c33-9d57-adcae0b47e20","D02","BLAN","MEGAPT100965","2_BLANDY_PIT1","2_BLANDY_PIT1_AP2","Ap2",2013-01-14,2013-01-14,"2_BLANDY_PIT1_14-23_ARCHIVE_AP2","NEON",14,23,NA,1200.8,"20201217T021806Z","RELEASE-2021"
"c879511e-8cf0-4046-a30b-178676380749","D02","BLAN","MEGAPT100965","2_BLANDY_PIT1","2_BLANDY_PIT1_AP1","Ap1",2013-01-14,2013-01-14,"2_BLANDY_PIT1_2-14_ARCHIVE_AP1","NEON",2,14,NA,1200.7,"20201217T021806Z","RELEASE-2021"
"6b28ee82-580b-4d65-aeac-9fef066d6469","D02","BLAN","MEGAPT100965","2_BLANDY_PIT1","2_BLANDY_PIT1_C2","C2",2013-01-14,2013-01-14,"2_BLANDY_PIT1_128-200_ARCHIVE_C2","NEON",128,200,NA,1202,"20201217T021806Z","RELEASE-2021"
"6bbd00c7-f0e9-4bd1-b7d3-9326118de6ae","D02","BLAN","MEGAPT100965","2_BLANDY_PIT1","2_BLANDY_PIT1_BT1","Bt1",2013-01-14,2013-01-14,"2_BLANDY_PIT1_23-51_ARCHIVE_BT1","NEON",23,51,NA,1201.6,"20201217T021806Z","RELEASE-2021"
"867dce28-6925-4d7d-851d-34d7b6aedbaa","D02","SCBI","MEGAPT100991","2_SCBI_PIT1","2_SCBI_PIT1_BT1","Bt1",2013-05-13,2013-05-13,"2_SCBI_PIT1_14-34_ARCHIVE_BT1","NEON",14,34,NA,1201.1,"20201217T032359Z","RELEASE-2021"
"7a84b2c4-5fde-4ece-aefc-27594b9d3279","D02","SCBI","MEGAPT100991","2_SCBI_PIT1","2_SCBI_PIT1_OI","Oi",2013-05-13,2013-05-13,"2_SCBI_PIT1_0-2_ARCHIVE_OI","NEON",0,2,NA,569.9,"20201217T032359Z","RELEASE-2021"
"68c922c7-6b38-498b-a126-19142d3cab0b","D02","SCBI","MEGAPT100991","2_SCBI_PIT1","2_SCBI_PIT1_2CR","2Cr",2013-05-13,2013-05-13,NA,NA,NA,NA,NA,NA,"20201217T032359Z","RELEASE-2021"
"12fc1bf5-10e7-4bf4-8926-3e7c69eafad5","D02","SCBI","MEGAPT100991","2_SCBI_PIT1","2_SCBI_PIT1_2BC","2BC",2013-05-13,2013-05-13,"2_SCBI_PIT1_179-200_ARCHIVE_2BC","NEON",179,200,NA,1200.3,"20201217T032359Z","RELEASE-2021"
"40c6700f-dbd3-4975-a294-b61c47d6a787","D02","SCBI","MEGAPT100991","2_SCBI_PIT1","2_SCBI_PIT1_2BT4","2Bt4",2013-05-13,2013-05-13,"2_SCBI_PIT1_114-146_ARCHIVE_2BT4","NEON",114,146,NA,1200.2,"20201217T032359Z","RELEASE-2021"
"0ac67200-882f-477d-b450-991f1d36598c","D02","SCBI","MEGAPT100991","2_SCBI_PIT1","2_SCBI_PIT1_A","A",2013-05-13,2013-05-13,"2_SCBI_PIT1_2-7_ARCHIVE_A","NEON",2,7,NA,1199.8,"20201217T032359Z","RELEASE-2021"
"ce9751e0-8dec-4185-b6b3-8467f7150115","D02","SCBI","MEGAPT100991","2_SCBI_PIT1","2_SCBI_PIT1_BA","BA",2013-05-13,2013-05-13,"2_SCBI_PIT1_7-14_ARCHIVE_BA","NEON",7,14,NA,1200.5,"20201217T032359Z","RELEASE-2021"
"1bc5e7ae-b16c-4d4a-953a-3273bf58fd66","D02","SCBI","MEGAPT100991","2_SCBI_PIT1","2_SCBI_PIT1_BT2","Bt2",2013-05-13,2013-05-13,"2_SCBI_PIT1_34-59_ARCHIVE_BT2","NEON",34,59,NA,1200.7,"20201217T032359Z","RELEASE-2021"
"dff52b47-f86f-45e1-b9ae-9ffd3ec76b54","D02","SCBI","MEGAPT100991","2_SCBI_PIT1","2_SCBI_PIT1_2BT5","2Bt5",2013-05-13,2013-05-13,"2_SCBI_PIT1_146-179_ARCHIVE_2BT5","NEON",146,179,NA,1199.7,"20201217T032359Z","RELEASE-2021"
"c6891096-aff5-436c-87e7-0d4e1089ba12","D02","SCBI","MEGAPT100991","2_SCBI_PIT1","2_SCBI_PIT1_BT3","Bt3",2013-05-13,2013-05-13,"2_SCBI_PIT1_59-114_ARCHIVE_BT3","NEON",59,114,NA,1199.3,"20201217T032359Z","RELEASE-2021"
"f3cfd06c-7ba7-4ce2-a284-55facba2199a","D02","SERC","MEGAPT100992","2_SERC_PIT1","2_SERC_PIT1_EA","EA",2014-05-05,2014-05-05,"2_SERC_PIT1_ARCHIVE_13-23_EA","NEON",13,23,NA,3600.3,"20201217T043440Z","RELEASE-2021"
"7b48cb7d-e6d7-456b-b732-bebfcffdf2d1","D02","SERC","MEGAPT100992","2_SERC_PIT1","2_SERC_PIT1_BT1","Bt1",2014-05-05,2014-05-05,"2_SERC_PIT1_ARCHIVE_37-60_BT1","NEON",37,60,NA,3153.5,"20201217T043440Z","RELEASE-2021"
"8063fe98-22c0-47a6-9870-5ab474bc3ab1","D02","SERC","MEGAPT100992","2_SERC_PIT1","2_SERC_PIT1_C1","C1",2014-05-05,2014-05-05,"2_SERC_PIT1_ARCHIVE_187-200_C2","NEON",187,200,NA,3600.2,"20201217T043440Z","RELEASE-2021"
"24a7dcf5-2353-47b3-8f16-15413bc89fce","D02","SERC","MEGAPT100992","2_SERC_PIT1","2_SERC_PIT1_BTG1","Btg1",2014-05-05,2014-05-05,"2_SERC_PIT1_ARCHIVE_85-131_BTG1","NEON",85,131,NA,3225.8,"20201217T043440Z","RELEASE-2021"
"1258f75a-87f2-4d4a-abcf-592e632400d3","D02","SERC","MEGAPT100992","2_SERC_PIT1","2_SERC_PIT1_BTG2","Btg2",2014-05-05,2014-05-05,"2_SERC_PIT1_ARCHIVE_131-147_BTG2","NEON",131,147,NA,3309.1,"20201217T043440Z","RELEASE-2021"
"5a607a41-b071-47a7-8fd4-a6b8daf8b175","D02","SERC","MEGAPT100992","2_SERC_PIT1","2_SERC_PIT1_BT2","Bt2",2014-05-05,2014-05-05,"2_SERC_PIT1_ARCHIVE_60-75_BT2","NEON",60,75,NA,2962.8,"20201217T043440Z","RELEASE-2021"
"a20cc992-adb6-459a-a2cd-26d062e8e36d","D02","SERC","MEGAPT100992","2_SERC_PIT1","2_SERC_PIT1_C","C",2014-05-05,2014-05-05,"2_SERC_PIT1_ARCHIVE_147-156_C1","NEON",147,156,NA,3324.5,"20201217T043440Z","RELEASE-2021"
"f9e31e25-614f-4d5b-8f2a-e40557af7a47","D02","SERC","MEGAPT100992","2_SERC_PIT1","2_SERC_PIT1_BT3","Bt3",2014-05-05,2014-05-05,"2_SERC_PIT1_ARCHIVE_75-85_BT3","NEON",75,85,NA,3334.6,"20201217T043440Z","RELEASE-2021"
"615605e4-9309-49d9-a8c6-7a6e54372781","D02","SERC","MEGAPT100992","2_SERC_PIT1","2_SERC_PIT1_E","E",2014-05-05,2014-05-05,"2_SERC_PIT1_ARCHIVE_23-37_E","NEON",23,37,NA,3600,"20201217T043440Z","RELEASE-2021"
"9258f7f7-3953-4ed0-993c-c468a79db533","D02","SERC","MEGAPT100992","2_SERC_PIT1","2_SERC_PIT1_CG","Cg",2014-05-05,2014-05-05,"2_SERC_PIT1_ARCHIVE_156-187_CG","NEON",156,187,NA,3192.7,"20201217T043440Z","RELEASE-2021"
"a11180b8-1f4d-4be5-b13d-a0b8b1f9780d","D02","SERC","MEGAPT100992","2_SERC_PIT1","2_SERC_PIT1_OE","Oe",2014-05-05,2014-05-05,"2_SERC_PIT1_ARCHIVE_0-2_O","NEON",0,2,NA,3600.1,"20201217T043440Z","RELEASE-2021"
"becc3b71-3174-4b8f-ad5b-a7067da657a7","D02","SERC","MEGAPT100992","2_SERC_PIT1","2_SERC_PIT1_BT3","Bt3",2014-05-05,2014-05-05,NA,NA,NA,NA,NA,NA,"20201217T043440Z","RELEASE-2021"
"4b0e26cf-44d9-46f1-b057-39460343fb3f","D02","SERC","MEGAPT100992","2_SERC_PIT1","2_SERC_PIT1_A","A",2014-05-05,2014-05-05,"2_SERC_PIT1_ARCHIVE_2-13_A","NEON",2,13,NA,2712.5,"20201217T043440Z","RELEASE-2021"
"71633c53-7f1c-4eb2-9bb4-5780fb3f2eb2","D03","DSNY","MEGAPT100970","3_DISNEY_PIT1","3_DISNEY_PIT1_AP","Ap",2013-02-04,2013-02-04,"3_DISNEY_PIT1_0-9_ARCHIVE_A","NEON",0,9,NA,1201.5,"20201217T021903Z","RELEASE-2021"
"850928e9-24d7-4e3b-b9e5-c97e338e90ea","D03","DSNY","MEGAPT100970","3_DISNEY_PIT1","3_DISNEY_PIT1_B'H","B'h",2013-02-04,2013-02-04,"3_DISNEY_PIT1_152-200_ARCHIVE_B'H","NEON",152,200,NA,1201.5,"20201217T021903Z","RELEASE-2021"
"ddfa95e0-76fc-41ef-8c54-4500774dfbdd","D03","DSNY","MEGAPT100970","3_DISNEY_PIT1","3_DISNEY_PIT1_AE","AE",2013-02-04,2013-02-04,"3_DISNEY_PIT1_9-26_ARCHIVE_AE","NEON",9,26,NA,1201.4,"20201217T021903Z","RELEASE-2021"
"e05b53e7-5e94-46b0-8c72-188936d94832","D03","DSNY","MEGAPT100970","3_DISNEY_PIT1","3_DISNEY_PIT1_BH1","Bh1",2013-02-04,2013-02-04,"3_DISNEY_PIT1_43-55_ARCHIVE_BH1","NEON",43,55,NA,1200.8,"20201217T021903Z","RELEASE-2021"
"308b3931-e9c8-4350-b479-b75c71603f91","D03","DSNY","MEGAPT100970","3_DISNEY_PIT1","3_DISNEY_PIT1_BH2","Bh2",2013-02-04,2013-02-04,"3_DISNEY_PIT1_55-69_ARCHIVE_BH2","NEON",55,69,NA,1201.9,"20201217T021903Z","RELEASE-2021"
"56aab711-2fcb-4090-8873-25cc12766818","D03","DSNY","MEGAPT100970","3_DISNEY_PIT1","3_DISNEY_PIT1_E","E",2013-02-04,2013-02-04,"3_DISNEY_PIT1_26-43_ARCHIVE_E","NEON",26,43,NA,1201,"20201217T021903Z","RELEASE-2021"
"112365dc-b73a-4dc6-9f1f-f1cf47fa4826","D03","DSNY","MEGAPT100970","3_DISNEY_PIT1","3_DISNEY_PIT1_E'1","E'1",2013-02-04,2013-02-04,"3_DISNEY_PIT1_69-99_ARCHIVE_E'1","NEON",69,99,NA,1201.4,"20201217T021903Z","RELEASE-2021"
"75c84536-de90-4f0a-83ae-b9e72d3a7bb0","D03","DSNY","MEGAPT100970","3_DISNEY_PIT1","3_DISNEY_PIT1_E'2","E'2",2013-02-04,2013-02-04,"3_DISNEY_PIT1_99-134_ARCHIVE_E'2","NEON",99,134,NA,1202,"20201217T021903Z","RELEASE-2021"
"4e9888ac-7143-45c1-9785-3643ad0daaec","D03","DSNY","MEGAPT100970","3_DISNEY_PIT1","3_DISNEY_PIT1_E'3","E'3",2013-02-04,2013-02-04,"3_DISNEY_PIT1_134-152_ARCHIVE_E'3","NEON",134,152,NA,1201.1,"20201217T021903Z","RELEASE-2021"
"69bc0be3-d1e5-49c3-81fb-297b2c1747df","D03","JERC","MEGAPT100975","3_JONES_PIT1","3_JONES_PIT1_E","E",2012-12-10,2012-12-10,"3_JONES_PIT1_8-68_ARCHIVE_E","NEON",8,68,NA,1200.6,"20201216T225139Z","RELEASE-2021"
"ef729c5f-9ba6-4cdc-aa39-dc4bb6d4437a","D03","JERC","MEGAPT100975","3_JONES_PIT1","3_JONES_PIT1_BT3","Bt3",2012-12-10,2012-12-10,"3_JONES_PIT1_185-200_ARCHIVE_BT3","NEON",185,200,NA,1201.6,"20201216T225139Z","RELEASE-2021"
"ad831430-7bc1-4346-99d8-60854375d529","D03","JERC","MEGAPT100975","3_JONES_PIT1","3_JONES_PIT1_BT2","Bt2",2012-12-10,2012-12-10,"3_JONES_PIT1_105-185_ARCHIVE_BT2","NEON",105,185,NA,1201.3,"20201216T225139Z","RELEASE-2021"
"640045ec-0253-40c1-83ff-039a3d3a76ec","D03","JERC","MEGAPT100975","3_JONES_PIT1","3_JONES_PIT1_BT1","Bt1",2012-12-10,2012-12-10,"3_JONES_PIT1_68-105_ARCHIVE_BT1","NEON",68,105,NA,1201,"20201216T225139Z","RELEASE-2021"
"6ec51cb5-9ea0-483a-b74a-2ab56c5e26c8","D03","JERC","MEGAPT100975","3_JONES_PIT1","3_JONES_PIT1_A","A",2012-12-10,2012-12-10,"3_JONES_PIT1_0-8_ARCHIVE_A","NEON",0,8,NA,1200.7,"20201216T225139Z","RELEASE-2021"
"e7e478f9-95a4-4455-8816-ca0c2ffac492","D03","OSBS","MEGAPT100989","3_ORDWAY_PIT1","3_ORDWAY_PIT1_BW1","Bw1",2012-06-19,2012-06-19,"3_ORDWAY_PIT1_7-28_ARCHIVE_BW1","NEON",7,28,NA,1202.1,"20201216T232230Z","RELEASE-2021"
"a7b3ad0f-5235-4783-b91a-6efc1be5079f","D03","OSBS","MEGAPT100989","3_ORDWAY_PIT1","3_ORDWAY_PIT1_BW2","Bw2",2012-06-19,2012-06-19,"3_ORDWAY_PIT1_28-125_ARCHIVE_BW2","NEON",28,125,NA,1198.8,"20201216T232230Z","RELEASE-2021"
"f4108afa-e543-4f49-8723-8278d7e8aaef","D03","OSBS","MEGAPT100989","3_ORDWAY_PIT1","3_ORDWAY_PIT1_BW3","Bw3",2012-06-19,2012-06-19,"3_ORDWAY_PIT1_125-200_ARCHIVE_BW3","NEON",125,200,NA,1201.4,"20201216T232230Z","RELEASE-2021"
"aa562dac-134c-4275-abca-6f0ebf35ac8a","D03","OSBS","MEGAPT100989","3_ORDWAY_PIT1","3_ORDWAY_PIT1_A","A",2012-06-19,2012-06-19,"3_ORDWAY_PIT1_0-7_ARCHIVE_A","NEON",0,7,NA,1201.1,"20201216T232230Z","RELEASE-2021"
"8dfeb943-1502-4939-acec-bfded30f099d","D04","GUAN","MEGAPT100972","4_GUANICA_PIT1","4_GUANICA_PIT1_CR","Cr",2015-04-10,2015-04-10,"4_GUANICA_PIT1_ARCHIVE_CR","NEON",161,200,NA,3600,"20201217T051942Z","RELEASE-2021"
"9e479165-a092-441d-9d80-604b652f1fb7","D04","GUAN","MEGAPT100972","4_GUANICA_PIT1","4_GUANICA_PIT1_C","C",2015-04-10,2015-04-10,"4_GUANICA_PIT1_ARCHIVE_C","NEON",126,161,NA,3600.2,"20201217T051942Z","RELEASE-2021"
"f78d3ac2-0763-48aa-9e42-6672dac45433","D04","GUAN","MEGAPT100972","4_GUANICA_PIT1","4_GUANICA_PIT1_C","C",2015-04-10,2015-04-10,NA,NA,NA,NA,NA,NA,"20201217T051942Z","RELEASE-2021"
"c73157ed-c440-46fc-b866-206f307cbdf4","D04","GUAN","MEGAPT100972","4_GUANICA_PIT1","4_GUANICA_PIT1_C","C",2015-04-10,2015-04-10,NA,NA,NA,NA,NA,NA,"20201217T051942Z","RELEASE-2021"
"35a658b1-dbe8-438b-b55e-d699c197a7a3","D04","GUAN","MEGAPT100972","4_GUANICA_PIT1","4_GUANICA_PIT1_A","A",2015-04-10,2015-04-10,"4_GUANICA_PIT1_ARCHIVE_A","NEON",0,30,NA,3600,"20201217T051942Z","RELEASE-2021"
"d3e76cb2-4075-480c-93ba-cf973ce93709","D04","GUAN","MEGAPT100972","4_GUANICA_PIT1","4_GUANICA_PIT1_BCK","BCk",2015-04-10,2015-04-10,"4_GUANICA_PIT1_ARCHIVE_BCK","NEON",105,126,NA,3600.6,"20201217T051942Z","RELEASE-2021"
"66bf88e2-5847-471f-8fab-856cdd476ccb","D04","GUAN","MEGAPT100972","4_GUANICA_PIT1","4_GUANICA_PIT1_BK2","Bk2",2015-04-10,2015-04-10,"4_GUANICA_PIT1_ARCHIVE_BK2","NEON",55,86,NA,3600.2,"20201217T051942Z","RELEASE-2021"
"55a8626b-f942-461f-88ee-8b4b912cdefb","D04","GUAN","MEGAPT100972","4_GUANICA_PIT1","4_GUANICA_PIT1_C","C",2015-04-10,2015-04-10,NA,NA,NA,NA,NA,NA,"20201217T051942Z","RELEASE-2021"
"6185c2c7-d591-4eb4-a526-6a0085c9620e","D04","GUAN","MEGAPT100972","4_GUANICA_PIT1","4_GUANICA_PIT1_C","C",2015-04-10,2015-04-10,NA,NA,NA,NA,NA,NA,"20201217T051942Z","RELEASE-2021"
"6ecbfbdf-f0fa-4e85-a598-7917ca00fbc8","D04","GUAN","MEGAPT100972","4_GUANICA_PIT1","4_GUANICA_PIT1_BK3","Bk3",2015-04-10,2015-04-10,"4_GUANICA_PIT1_ARCHIVE_BK3","NEON",86,105,NA,3600.6,"20201217T051942Z","RELEASE-2021"
"f1b4ff9c-965a-43a6-a89f-e6e7820d32c1","D04","GUAN","MEGAPT100972","4_GUANICA_PIT1","4_GUANICA_PIT1_BK1","Bk1",2015-04-10,2015-04-10,"4_GUANICA_PIT1_ARCHIVE_BK1","NEON",30,55,NA,3601.1,"20201217T051942Z","RELEASE-2021"
"32babefa-2063-4103-8dcd-efffcee40364","D04","LAJA","MEGAPT100979","4_LAJAS_PIT1","4_LAJAS_PIT1_4C","4C",2014-04-07,2014-04-07,"4_LAJAS_PIT1_ARCHIVE_176-203_4C","NEON",176,203,NA,3596,"20201217T040239Z","RELEASE-2021"
"aac8b45c-4b32-4161-a31d-a1540336ee31","D04","LAJA","MEGAPT100979","4_LAJAS_PIT1","4_LAJAS_PIT1_2C","2C",2014-04-07,2014-04-07,"4_LAJAS_PIT1_ARCHIVE_145-164_2C1","NEON",145,164,NA,3600.7,"20201217T040239Z","RELEASE-2021"
"d7c3411c-40b2-4a3f-a296-d4c6c9e3944d","D04","LAJA","MEGAPT100979","4_LAJAS_PIT1","4_LAJAS_PIT1_BKSSYZ","Bkssyz",2014-04-07,2014-04-07,"4_LAJAS_PIT1_ARCHIVE_83-107_BKSSYZ","NEON",83,107,NA,3600.8,"20201217T040239Z","RELEASE-2021"
"4c859609-c743-41d5-b88f-47ba9bbb28b9","D04","LAJA","MEGAPT100979","4_LAJAS_PIT1","4_LAJAS_PIT1_BSSYZ","Bssyz",2014-04-07,2014-04-07,"4_LAJAS_PIT1_ARCHIVE_55-83_BSSYZ","NEON",55,83,NA,3416.1,"20201217T040239Z","RELEASE-2021"
"5eae7359-5299-4c9d-8d76-f89a1dc03e38","D04","LAJA","MEGAPT100979","4_LAJAS_PIT1","4_LAJAS_PIT1_AP","Ap",2014-04-07,2014-04-07,"4_LAJAS_PIT1_ARCHIVE_0 -27_AP","NEON",0,27,NA,3206.2,"20201217T040239Z","RELEASE-2021"
"ab9dff47-b947-4a4b-adaa-064ee1034d96","D04","LAJA","MEGAPT100979","4_LAJAS_PIT1","4_LAJAS_PIT1_2BKY","2Bky",2014-04-07,2014-04-07,"4_LAJAS_PIT1_ARCHIVE_107-145_2BKY","NEON",107,145,NA,3601.1,"20201217T040239Z","RELEASE-2021"
"6b64649b-6ff0-4f8a-b938-8db3e3540a24","D04","LAJA","MEGAPT100979","4_LAJAS_PIT1","4_LAJAS_PIT1_ABSS","Abss",2014-04-07,2014-04-07,"4_LAJAS_PIT1_ARCHIVE_27-55_BSS","NEON",27,55,NA,3086.1,"20201217T040239Z","RELEASE-2021"
"99c2ec8c-04c1-4ca3-8c27-f5f174a4345d","D04","LAJA","MEGAPT100979","4_LAJAS_PIT1","4_LAJAS_PIT1_3C","3C",2014-04-07,2014-04-07,"4_LAJAS_PIT1_ARCHIVE_164-176_3C2","NEON",164,176,NA,3600.5,"20201217T040239Z","RELEASE-2021"
"98e9a18f-b021-445b-9da6-abdc30b49712","D05","STEI","MEGAPT100996","D05_STEI_PIT1","5_STEI_PIT1_BT2","Bt2",2015-06-16,2015-06-16,"5_STEI_PIT1_ARCHIVE_78-109_BT2","NEON",78,109,NA,3600.3,"20201217T052614Z","RELEASE-2021"
"609634ae-caab-4545-a62b-db57da114c4f","D05","STEI","MEGAPT100996","D05_STEI_PIT1","5_STEI_PIT1_E/B","E/B",2015-06-16,2015-06-16,"5_STEI_PIT1_ARCHIVE_36-61_E/B","NEON",36,61,NA,3600.5,"20201217T052614Z","RELEASE-2021"
"577195d5-2d86-419a-bc8e-8fedc27a94ab","D05","STEI","MEGAPT100996","D05_STEI_PIT1","5_STEI_PIT1_BS1","Bs1",2015-06-16,2015-06-16,"5_STEI_PIT1_ARCHIVE_14-28_BS1","NEON",14,28,NA,3600.1,"20201217T052614Z","RELEASE-2021"
"3af037b4-2ad2-42df-b7c6-33ac2fde7acc","D05","STEI","MEGAPT100996","D05_STEI_PIT1","5_STEI_PIT1_BC","BC",2015-06-16,2015-06-16,"5_STEI_PIT1_ARCHIVE_109-148_BC","NEON",109,148,NA,3600.6,"20201217T052614Z","RELEASE-2021"
"4773adfd-7665-4ef8-8649-cbc7277707c9","D05","STEI","MEGAPT100996","D05_STEI_PIT1","5_STEI_PIT1_C","Cd",2015-06-16,2015-06-16,"5_STEI_PIT1_ARCHIVE_148-200_C","NEON",148,200,NA,3600.4,"20201217T052614Z","RELEASE-2021"
"5059cbc8-fd7f-4635-a51e-42aadff340b0","D05","STEI","MEGAPT100996","D05_STEI_PIT1","5_STEI_PIT1_A","A",2015-06-16,2015-06-16,"5_STEI_PIT1_ARCHIVE_0-14_A","NEON",0,14,NA,3600.1,"20201217T052614Z","RELEASE-2021"
"1f2ccb41-3a4b-4cfa-a235-20a89211e964","D05","STEI","MEGAPT100996","D05_STEI_PIT1","5_STEI_PIT1_BS2","Bs2",2015-06-16,2015-06-16,"5_STEI_PIT1_ARCHIVE_28-36_BS2","NEON",28,36,NA,3600.5,"20201217T052614Z","RELEASE-2021"
"fc5c3b2d-9c11-44c2-94b7-5cf8cb1ed4a0","D05","STEI","MEGAPT100996","D05_STEI_PIT1","5_STEI_PIT1_BT1","Bt1",2015-06-16,2015-06-16,"5_STEI_PIT1_ARCHIVE_61-78_BT1","NEON",61,78,NA,3600.6,"20201217T052614Z","RELEASE-2021"
"32fb6676-3c30-46c4-b086-d468bad7bfbb","D05","TREE","MEGAPT100999","D05_TREE_PIT1","5_TREE_PIT1_3CD1","3Cd1",2015-06-15,2015-06-15,"5_TREE_PIT1_ARCHIVE_168-176_3CD1","NEON",168,176,NA,3600.3,"20201217T053017Z","RELEASE-2021"
"92b0a115-8ff0-4bb7-83ee-9438a2a3b78c","D05","TREE","MEGAPT100999","D05_TREE_PIT1","5_TREE_PIT1_A/E","A/E",2015-06-15,2015-06-15,"5_TREE_PIT1_ARCHIVE_2-17_A/E","NEON",2,17,NA,3600.6,"20201217T053017Z","RELEASE-2021"
"0714b5c5-bc91-4ba8-abf4-4158fff99565","D05","TREE","MEGAPT100999","D05_TREE_PIT1","5_TREE_PIT1_E1","E",2015-06-15,2015-06-15,"5_TREE_PIT1_ARCHIVE_33-52_E1","NEON",33,52,NA,3600.5,"20201217T053017Z","RELEASE-2021"
"5c949c80-1e7b-42af-bfe6-79a5d2d49694","D05","TREE","MEGAPT100999","D05_TREE_PIT1","5_TREE_PIT1_OA","Oa",2015-06-15,2015-06-15,"5_TREE_PIT1_ARCHIVE_0-2_OA","NEON",0,2,NA,3600.2,"20201217T053017Z","RELEASE-2021"
"c1c893e2-c7e4-4fa7-9d81-496ac02ce79f","D05","TREE","MEGAPT100999","D05_TREE_PIT1","5_TREE_PIT1_E/B","E/B",2015-06-15,2015-06-15,"5_TREE_PIT1_ARCHIVE_52-66_E/B","NEON",52,66,NA,3600.5,"20201217T053017Z","RELEASE-2021"
"aabbcb1f-e30c-4d90-9b7d-1704abef5b5e","D05","TREE","MEGAPT100999","D05_TREE_PIT1","5_TREE_PIT1_2E_AND_BT","2E and Bt",2015-06-15,2015-06-15,"5_TREE_PIT1_ARCHIVE_66-107_2E_AND_BT","NEON",66,107,NA,3600.7,"20201217T053017Z","RELEASE-2021"
"551c5f14-1f49-4466-b067-c217d5134cb0","D05","TREE","MEGAPT100999","D05_TREE_PIT1","5_TREE_PIT1_2E_AND_BT","2E and Bt",2015-06-15,2015-06-15,NA,NA,NA,NA,NA,NA,"20201217T053017Z","RELEASE-2021"
"20470b06-a76e-44c2-95b2-f4f011c8f5d3","D05","TREE","MEGAPT100999","D05_TREE_PIT1","5_TREE_PIT1_2BC","2BC",2015-06-15,2015-06-15,"5_TREE_PIT1_ARCHIVE_107-168_2BC","NEON",107,168,NA,3600.5,"20201217T053017Z","RELEASE-2021"
"4f46a5ae-525f-4f6c-9871-d72fc2d66f7c","D05","TREE","MEGAPT100999","D05_TREE_PIT1","5_TREE_PIT1_3CD2","3Cd2",2015-06-15,2015-06-15,"5_TREE_PIT1_ARCHIVE_176-200_3CD2","NEON",176,200,NA,3600.7,"20201217T053017Z","RELEASE-2021"
"e4431cb1-c8ed-4ef7-a3e3-bbc5ae2ccc35","D05","TREE","MEGAPT100999","D05_TREE_PIT1","5_TREE_PIT1_BS","Bs",2015-06-15,2015-06-15,"5_TREE_PIT1_ARCHIVE_17-33_BS","NEON",17,33,NA,3600.3,"20201217T053017Z","RELEASE-2021"
"f2720b79-6ed4-4641-9eb9-3cd616512a90","D05","UNDE","MEGAPT101001","5_UNDERC_PIT1","5_UNDERC_PIT1_2BT1","2Bt1",2013-09-09,2013-09-09,"5_UNDERC_PIT1_57-83_ARCHIVE_2BT1","NEON",57,83,NA,3601.7,"20201217T020817Z","RELEASE-2021"
"9b34aba2-2ac2-414e-8bfb-92c75120eca9","D05","UNDE","MEGAPT101001","5_UNDERC_PIT1","5_UNDERC_PIT1_BS2","BS2",2013-09-09,2013-09-09,"5_UNDERC_PIT1_31-48_ARCHIVE_BS2","NEON",31,48,NA,3601.7,"20201217T020817Z","RELEASE-2021"
"5ef42efd-64b0-4c7d-b857-c743a32319c0","D05","UNDE","MEGAPT101001","5_UNDERC_PIT1","5_UNDERC_PIT1_A","A",2013-09-09,2013-09-09,"5_UNDERC_PIT1_0-8_ARCHIVE_A","NEON",0,8,NA,2648.9,"20201217T020817Z","RELEASE-2021"
"701ce549-ce58-47d8-9365-139fbe75418c","D05","UNDE","MEGAPT101001","5_UNDERC_PIT1","5_UNDERC_PIT1_3C2","3C2",2013-09-09,2013-09-09,"5_UNDERC_PIT1_147-200_ARCHIVE_3C2","NEON",147,200,NA,3618.3,"20201217T020817Z","RELEASE-2021"
"bd0b83dc-1031-4b35-af8f-d442bfbc5fcd","D05","UNDE","MEGAPT101001","5_UNDERC_PIT1","5_UNDERC_PIT1_2C1","2C1",2013-09-09,2013-09-09,"5_UNDERC_PIT1_114-147_ARCHIVE_2C1","NEON",114,147,NA,3608.7,"20201217T020817Z","RELEASE-2021"
"934dfede-f1b1-40f3-be1d-f59214724d0d","D05","UNDE","MEGAPT101001","5_UNDERC_PIT1","5_UNDERC_PIT1_E/BX","E/Bx",2013-09-09,2013-09-09,"5_UNDERC_PIT1_48-57_ARCHIVE_E/BX","NEON",48,57,NA,3617.6,"20201217T020817Z","RELEASE-2021"
"9de26cbb-944a-4e9c-96b4-a7b1a243dd5e","D05","UNDE","MEGAPT101001","5_UNDERC_PIT1","5_UNDERC_PIT1_BS1","BS1",2013-09-09,2013-09-09,"5_UNDERC_PIT1_23-31_ARCHIVE_BS1","NEON",23,31,NA,3601.3,"20201217T020817Z","RELEASE-2021"
"07627838-63b4-4c24-8cd0-1f332a58d758","D05","UNDE","MEGAPT101001","5_UNDERC_PIT1","5_UNDERC_PIT1_E","E",2013-09-09,2013-09-09,"5_UNDERC_PIT1_15-23_ARCHIVE_E","NEON",15,23,NA,3600.7,"20201217T020817Z","RELEASE-2021"
"9532ddd8-614d-4034-9736-183e2f7576ac","D05","UNDE","MEGAPT101001","5_UNDERC_PIT1","5_UNDERC_PIT1_2BT2","2Bt2",2013-09-09,2013-09-09,"5_UNDERC_PIT1_83-114_ARCHIVE_2BT2","NEON",83,114,NA,3612,"20201217T020817Z","RELEASE-2021"
"9cfd2f18-9442-4a81-8aa8-3b1a5c57a1be","D05","UNDE","MEGAPT101001","5_UNDERC_PIT1","5_UNDERC_PIT1_A","A",2013-09-09,2013-09-09,NA,NA,NA,NA,NA,NA,"20201217T020817Z","RELEASE-2021"
"f39e3047-e632-431a-9bf2-1ded6dd0f105","D05","UNDE","MEGAPT101001","5_UNDERC_PIT1","5_UNDERC_PIT1_BS","Bs",2013-09-09,2013-09-09,"5_UNDERC_PIT1_8-15_ARCHIVE_BS","NEON",8,15,NA,3600,"20201217T020817Z","RELEASE-2021"
"e9002f72-f7bf-49c2-abc3-dc61c48212cf","D06","KONA","MEGAPT100977","6_KONZAAG_PIT1","6_KONZAAG_PIT1_BT2","Bt2",2014-08-04,2014-08-04,NA,NA,NA,NA,NA,NA,"20201217T035348Z","RELEASE-2021"
"ffe8849b-04a4-4d05-b10e-451285029033","D06","KONA","MEGAPT100977","6_KONZAAG_PIT1","6_KONZAAG_PIT1_BTSS","Btss",2014-08-04,2014-08-04,"6_KONZAAG_PIT1_ARCHIVE_89-119_BTSS","NEON",89,119,NA,3601.1,"20201217T035348Z","RELEASE-2021"
"ebe0b4f1-fcfa-4dff-b654-426e3a687447","D06","KONA","MEGAPT100977","6_KONZAAG_PIT1","6_KONZAAG_PIT1_BT2","Bt2",2014-08-04,2014-08-04,NA,NA,NA,NA,NA,NA,"20201217T035348Z","RELEASE-2021"
"5fba14fa-bc6a-42ef-ae65-bef615c1cfd2","D06","KONA","MEGAPT100977","6_KONZAAG_PIT1","6_KONZAAG_PIT1_BTK","Btk",2014-08-04,2014-08-04,"6_KONZAAG_PIT1_ARCHIVE_156-206_BTK","NEON",156,206,NA,3602.2,"20201217T035348Z","RELEASE-2021"
"f329aa6f-76c9-4407-87e1-8e9aac5747c2","D06","KONA","MEGAPT100977","6_KONZAAG_PIT1","6_KONZAAG_PIT1_AP","Ap",2014-08-04,2014-08-04,"6_KONZAAG_PIT1_ARCHIVE_0-12_AP","NEON",0,12,NA,3601.4,"20201217T035348Z","RELEASE-2021"
"0b102cd8-d90c-452c-a3d3-17c79b32cafb","D06","KONA","MEGAPT100977","6_KONZAAG_PIT1","6_KONZAAG_PIT1_BT3","Bt3",2014-08-04,2014-08-04,"6_KONZAAG_PIT1_ARCHIVE_54-89_BT3","NEON",54,89,NA,3600.3,"20201217T035348Z","RELEASE-2021"
"80773b1d-d5be-4c22-a510-5420d424d1fa","D06","KONA","MEGAPT100977","6_KONZAAG_PIT1","6_KONZAAG_PIT1_BT2","Bt2",2014-08-04,2014-08-04,"6_KONZAAG_PIT1_ARCHIVE_31-54_BT2","NEON",31,54,NA,3600.9,"20201217T035348Z","RELEASE-2021"
"83d8fd94-86b5-4258-b317-537e5bc3713d","D06","KONA","MEGAPT100977","6_KONZAAG_PIT1","6_KONZAAG_PIT1_BTKSS","Btkss",2014-08-04,2014-08-04,"6_KONZAAG_PIT1_ARCHIVE_119-156_BTKSS","NEON",119,156,NA,3600.7,"20201217T035348Z","RELEASE-2021"
"96c545ae-6ea3-4478-a37e-d044c0df92c1","D06","KONA","MEGAPT100977","6_KONZAAG_PIT1","6_KONZAAG_PIT1_BT1","Bt1",2014-08-04,2014-08-04,"6_KONZAAG_PIT1_ARCHIVE_12-31_BT1","NEON",12,31,NA,3604.2,"20201217T035348Z","RELEASE-2021"
"c4ef1e33-9567-4240-9c1b-033f2519a1dc","D06","KONA","MEGAPT100977","6_KONZAAG_PIT1","6_KONZAAG_PIT1_BT2","Bt2",2014-08-04,2014-08-04,NA,NA,NA,NA,NA,NA,"20201217T035348Z","RELEASE-2021"
"8cd2fa7a-8be7-4e00-a73d-5e9734fed1af","D06","KONA","MEGAPT100977","6_KONZAAG_PIT1","6_KONZAAG_PIT1_BT2","Bt2",2014-08-04,2014-08-04,NA,NA,NA,NA,NA,NA,"20201217T035348Z","RELEASE-2021"
"19218c96-7ca7-48cc-b6e0-6082918c4f2b","D06","KONZ","MEGAPT100978","6_KONZACORE_PIT1","6_KONZACORE_PIT1_BT2","Bt2",2014-06-24,2014-06-24,NA,NA,NA,NA,NA,NA,"20201217T044242Z","RELEASE-2021"
"b3e240b3-fa4e-4692-b896-179cd2c978d0","D06","KONZ","MEGAPT100978","6_KONZACORE_PIT1","6_KONZACORE_PIT1_BTKY","Btky",2014-06-24,2014-06-24,"6_KONZACORE_PIT1_ARCHIVE_89-132_B1T","NEON",89,132,NA,3597,"20201217T044242Z","RELEASE-2021"
"02efa658-06f3-4c1c-a279-2c577e856732","D06","KONZ","MEGAPT100978","6_KONZACORE_PIT1","6_KONZACORE_PIT1_2BCY","2BCy",2014-06-24,2014-06-24,"6_KONZACORE_PIT1_ARCHIVE_132-164_2BC","NEON",132,164,NA,3601.5,"20201217T044242Z","RELEASE-2021"
"41d1172b-d3a6-4632-96d7-f87a3e48941a","D06","KONZ","MEGAPT100978","6_KONZACORE_PIT1","6_KONZACORE_PIT1_BTKSS","Btkss",2014-06-24,2014-06-24,"6_KONZACORE_PIT1_ARCHIVE_66-89_BTSS","NEON",66,89,NA,3608,"20201217T044242Z","RELEASE-2021"
"d1860bdc-9bb5-4183-af11-c0c8f176fe60","D06","KONZ","MEGAPT100978","6_KONZACORE_PIT1","6_KONZACORE_PIT1_3BT","3Bt",2014-06-24,2014-06-24,"6_KONZACORE_PIT1_ARCHIVE164-200_3BT","NEON",164,200,NA,3601.1,"20201217T044242Z","RELEASE-2021"
"30705a10-5243-4a83-aca8-868228b00d18","D06","KONZ","MEGAPT100978","6_KONZACORE_PIT1","6_KONZACORE_PIT1_BT1","Bt1",2014-06-24,2014-06-24,"6_KONZACORE_PIT1_ARCHIVE_10-26_BT1","NEON",10,26,NA,3600.2,"20201217T044242Z","RELEASE-2021"
"aecd3c3e-59c6-4aba-a322-cc750d548957","D06","KONZ","MEGAPT100978","6_KONZACORE_PIT1","6_KONZACORE_PIT1_A","A",2014-06-24,2014-06-24,"6_KONZACORE_PIT1_ARCHIVE_0-10_A","NEON",0,10,NA,3608.3,"20201217T044242Z","RELEASE-2021"
"c12b7025-8381-444d-bcb9-c74f60e94924","D06","KONZ","MEGAPT100978","6_KONZACORE_PIT1","6_KONZACORE_PIT1_BT2","Bt2",2014-06-24,2014-06-24,"6_KONZACORE_PIT1_ARCHIVE_26-66_BT2","NEON",26,66,NA,3609.7,"20201217T044242Z","RELEASE-2021"
"8ba910c3-ef8b-418f-a40d-f5c09d00c1d5","D06","UKFS","MEGAPT101000","6_UKFS_PIT1","6_UKFS_PIT1_BT2","Bt2",2014-07-21,2014-07-21,"6_UKFS_PIT1_ARCHIVE_43-76_BT2","NEON",43,76,NA,3600.6,"20201217T043745Z","RELEASE-2021"
"c234b487-921c-49ea-8ff7-d522e8865fb4","D06","UKFS","MEGAPT101000","6_UKFS_PIT1","6_UKFS_PIT1_BT1","Bt1",2014-07-21,2014-07-21,"6_UKFS_PIT1_ARCHIVE_28-43_BT1","NEON",28,43,NA,3602.2,"20201217T043745Z","RELEASE-2021"
"53c4e812-2a7d-44f0-a7fa-012c54f823cf","D06","UKFS","MEGAPT101000","6_UKFS_PIT1","6_UKFS_PIT1_2C1","2C1",2014-07-21,2014-07-21,"6_UKFS_PIT1_ARCHIVE_121-148_2C1","NEON",121,148,NA,3600.8,"20201217T043745Z","RELEASE-2021"
"102eddbf-1ac3-4020-9fab-45a3ba0d3b4d","D06","UKFS","MEGAPT101000","6_UKFS_PIT1","6_UKFS_PIT1_A1","A1",2014-07-21,2014-07-21,"6_UKFS_PIT1_ARCHIVE_0-13_A1","NEON",0,13,NA,3890.4,"20201217T043745Z","RELEASE-2021"
"9d8f58c8-c4ae-4edd-8395-53da01d11238","D06","UKFS","MEGAPT101000","6_UKFS_PIT1","6_UKFS_PIT1_A2","A2",2014-07-21,2014-07-21,"6_UKFS_PIT1_ARCHIVE_13-28_A2","NEON",13,28,NA,3604,"20201217T043745Z","RELEASE-2021"
"1723ac02-7935-435a-9c04-63d3ab2f8648","D06","UKFS","MEGAPT101000","6_UKFS_PIT1","6_UKFS_PIT1_2BTK","2Btk",2014-07-21,2014-07-21,"6_UKFS_PIT1_ARCHIVE_101-121_2BTK","NEON",101,121,NA,3601.6,"20201217T043745Z","RELEASE-2021"
"4f15e16c-e1a7-4b0b-b942-8530314286a1","D06","UKFS","MEGAPT101000","6_UKFS_PIT1","6_UKFS_PIT1_2BT3","2Bt3",2014-07-21,2014-07-21,"6_UKFS_PIT1_ARCHIVE_76-101_2BT3","NEON",76,101,NA,3602.2,"20201217T043745Z","RELEASE-2021"
"e15a8290-3efe-49b4-a422-ee25df540505","D06","UKFS","MEGAPT101000","6_UKFS_PIT1","6_UKFS_PIT1_2C2","2C2",2014-07-21,2014-07-21,"6_UKFS_PIT1_ARCHIVE_148-200_2C2","NEON",148,200,NA,4048,"20201217T043745Z","RELEASE-2021"
"a4f9a0dc-6f88-4905-9472-31466558b900","D07","GRSM","MEGAPT100971","D07_GRSM_PIT1","7_GSMNP_PIT1_A2","A2",2015-04-20,2015-04-20,"D07_GSMNP_PIT1_ARCHIVE_21-32_A2","NEON",21,32,NA,3601,"20201217T050435Z","RELEASE-2021"
"19c470d0-24a7-4640-a0ec-3b2de0030ee5","D07","GRSM","MEGAPT100971","D07_GRSM_PIT1","7_GSMNP_PIT1_BW1","Bw1",2015-04-20,2015-04-20,"D07_GSMNP_PIT1_ARCHIVE_100-140_BW1","NEON",100,140,NA,3601.3,"20201217T050435Z","RELEASE-2021"
"800a24a8-f5da-4b45-b285-79d4402608d4","D07","GRSM","MEGAPT100971","D07_GRSM_PIT1","7_GSMNP_PIT1_BW","Bw",2015-04-20,2015-04-20,"D07_GSMNP_PIT1_ARCHIVE_32-58_BW","NEON",32,58,NA,3600.3,"20201217T050435Z","RELEASE-2021"
"33590015-e22d-42c7-9ff0-531f73f2afea","D07","GRSM","MEGAPT100971","D07_GRSM_PIT1","7_GSMNP_PIT1_C","C",2015-04-20,2015-04-20,"D07_GSMNP_PIT1_ARCHIVE_58-100_C","NEON",58,100,NA,3600.6,"20201217T050435Z","RELEASE-2021"
"fc4160aa-53f3-4e1b-9611-a28e0edf0842","D07","GRSM","MEGAPT100971","D07_GRSM_PIT1","7_GSMNP_PIT1_A1","A1",2015-04-20,2015-04-20,"D07_GSMNP_PIT1_ARCHIVE_0-21_A1","NEON",10,21,NA,3600.3,"20201217T050435Z","RELEASE-2021"
"50ce6787-7e8d-42bf-b156-f0482c569022","D07","GRSM","MEGAPT100971","D07_GRSM_PIT1","7_GSMNP_PIT1_BW2","Bw2",2015-04-20,2015-04-20,"D07_GSMNP_PIT1_ARCHIVE_140-206_BW2","NEON",140,206,NA,3601.6,"20201217T050435Z","RELEASE-2021"
"996160f0-afd1-47e1-bc31-fd61b2282988","D07","MLBS","MEGAPT100982","7_MLBS_PIT1","7_MLBS_PIT1_BW2","Bw2",2013-12-02,2013-12-02,"7_MLBS_PIT1_ARCHIVE_100-135_BG2","NEON",105,140,"NRCS first described Oi as +5 to 0; became 0 to 5 after email from Benham (NRCS) to Ayres (7/31/14). Sample depths adjusted",3600.3,"20201217T020159Z","RELEASE-2021"
"5270e347-4952-46c4-9000-26b3dcf11072","D07","MLBS","MEGAPT100982","7_MLBS_PIT1","7_MLBS_PIT1_A","A",2013-12-02,2013-12-02,"7_MLBS_PIT1_ARCHIVE_6-39_A","NEON",11,44,"NRCS first described Oi as +5 to 0; became 0 to 5 after email from Benham (NRCS) to Ayres (7/31/14). Sample depths adjusted",3600.2,"20201217T020159Z","RELEASE-2021"
"30fdfa5c-67da-4030-9e8e-c2ecd61d2cd3","D07","MLBS","MEGAPT100982","7_MLBS_PIT1","7_MLBS_PIT1_2C1","2C1",2013-12-02,2013-12-02,"7_MLBS_PIT1_ARCHIVE_135-150_2C1","NEON",140,155,"Horizon at sampling location only extended to 150cm; not 160cm identified in description. NRCS first described Oi as +5 to 0; became 0 to 5 after email from Benham (NRCS) to Ayres (7/31/14). Sample depths adjusted",3392.9,"20201217T020159Z","RELEASE-2021"
"104dbdf1-5c0a-4d19-882a-2451546fa3c1","D07","MLBS","MEGAPT100982","7_MLBS_PIT1","7_MLBS_PIT1_OA","Oa",2013-12-02,2013-12-02,"7_MLBS_PIT1_ARCHIVE_3-6_OA","NEON",8,11,"NRCS first described Oi as +5 to 0; became 0 to 5 after email from Benham (NRCS) to Ayres (7/31/14). Sample depths adjusted",3600.3,"20201217T020159Z","RELEASE-2021"
"d60dc211-0e6b-4d87-b00a-e2b3c52a1b1d","D07","MLBS","MEGAPT100982","7_MLBS_PIT1","7_MLBS_PIT1_E","E",2013-12-02,2013-12-02,"7_MLBS_PIT1_ARCHIVE_39-51_E","NEON",44,56,"NRCS first described Oi as +5 to 0; became 0 to 5 after email from Benham (NRCS) to Ayres (7/31/14). Sample depths adjusted",3600.3,"20201217T020159Z","RELEASE-2021"
"e3430f67-48fe-4bda-b429-2ed65455c5a5","D07","MLBS","MEGAPT100982","7_MLBS_PIT1","7_MLBS_PIT1_BW1","Bw1",2013-12-02,2013-12-02,"7_MLBS_PIT1_ARCHIVE_51-100_BG1","NEON",56,105,"NRCS first described Oi as +5 to 0; became 0 to 5 after email from Benham (NRCS) to Ayres (7/31/14). Sample depths adjusted",3600.7,"20201217T020159Z","RELEASE-2021"
"fe416c2f-fa42-4c8c-aa8f-9c550cd0f225","D07","MLBS","MEGAPT100982","7_MLBS_PIT1","7_MLBS_PIT1_OI","Oi",2013-12-02,2013-12-02,"7_MLBS_PIT1_ARCHIVE_+5-0_OI","NEON",0,5,"NRCS first described Oi as +5 to 0; became 0 to 5 after email from Benham (NRCS) to Ayres (7/31/14). Sample depths adjusted",505.6,"20201217T020159Z","RELEASE-2021"
"1a7a6ea1-fde9-4419-bed8-81506c49159b","D07","MLBS","MEGAPT100982","7_MLBS_PIT1","7_MLBS_PIT1_OE","Oe",2013-12-02,2013-12-02,"7_MLBS_PIT1_ARCHIVE_0-3_OE","NEON",5,8,"NRCS first described Oi as +5 to 0; became 0 to 5 after email from Benham (NRCS) to Ayres (7/31/14). Sample depths adjusted",2486.4,"20201217T020159Z","RELEASE-2021"
"91bbb78b-8b2d-465a-92fc-a16d6fb0d757","D07","MLBS","MEGAPT100982","7_MLBS_PIT1","7_MLBS_PIT1_2CG2","2Cg2",2013-12-02,2013-12-02,"7_MLBS_PIT1_ARCHIVE_>160-<200_2C2","NEON",165,205,"Sample collected from clods taken during excavation; exact depths unknown (top/bottom depths are min/max possible depths). NRCS first described Oi as +5 to 0; became 0 to 5 after email from Benham (NRCS) to Ayres (7/31/14). Sample depths adjusted",2237.3,"20201217T020159Z","RELEASE-2021"
"3397ec01-1c0e-40fe-8aea-9c335bb98a93","D07","MLBS","MEGAPT100982","7_MLBS_PIT1","7_MLBS_PIT1_2CG2","2Cg2",2013-12-02,2013-12-02,NA,NA,NA,NA,NA,NA,"20201217T020159Z","RELEASE-2021"
"35f41c15-06ed-4cfa-8b28-950fb30447d0","D07","MLBS","MEGAPT100982","7_MLBS_PIT1","7_MLBS_PIT1_2CG2","2Cg2",2013-12-02,2013-12-02,NA,NA,NA,NA,NA,NA,"20201217T020159Z","RELEASE-2021"
"f779b78f-3e44-41f6-bdd6-885f23302169","D07","MLBS","MEGAPT100982","7_MLBS_PIT1","7_MLBS_PIT1_2CG2","2Cg2",2013-12-02,2013-12-02,NA,NA,NA,NA,NA,NA,"20201217T020159Z","RELEASE-2021"
"726e8cbd-fdf0-4272-a0c0-19361b5470c0","D07","MLBS","MEGAPT100982","7_MLBS_PIT1","7_MLBS_PIT1_2CG2","2Cg2",2013-12-02,2013-12-02,NA,NA,NA,NA,NA,NA,"20201217T020159Z","RELEASE-2021"
"8e75479a-f92d-43aa-ba6a-d1232b73ccb8","D07","ORNL","MEGAPT100988","7_OAKRIDGE_PIT1","7_OAKRIDGE_PIT1_2BT2","2Bt2",2013-09-23,2013-09-23,"7_OAKRIDGE_PIT1_ARCHIVE_40-65_2BT2","NEON",40,65,NA,3600.4,"20201217T020748Z","RELEASE-2021"
"e865dae7-90fe-4fe1-8db0-30226dc9af8b","D07","ORNL","MEGAPT100988","7_OAKRIDGE_PIT1","7_OAKRIDGE_PIT1_A","A",2013-09-23,2013-09-23,"7_OAKRIDGE_PIT1_ARCHIVE_1-10_A","NEON",1,10,NA,2600,"20201217T020748Z","RELEASE-2021"
"68aa0170-f41c-46e1-99ab-d647b3c70941","D07","ORNL","MEGAPT100988","7_OAKRIDGE_PIT1","7_OAKRIDGE_PIT1_2BT4","2Bt4",2013-09-23,2013-09-23,"7_OAKRIDGE_PIT1_ARCHIVE_147-180_2BT4","NEON",147,180,NA,3542.5,"20201217T020748Z","RELEASE-2021"
"c588f2dd-b97b-4471-8cd8-6b7802a145dd","D07","ORNL","MEGAPT100988","7_OAKRIDGE_PIT1","7_OAKRIDGE_PIT1_BT1","Bt1",2013-09-23,2013-09-23,"7_OAKRIDGE_PIT1_ARCHIVE_19-40_BT1","NEON",19,40,NA,3600.5,"20201217T020748Z","RELEASE-2021"
"160dd9ed-d410-4683-9231-a8a09bfe7af2","D07","ORNL","MEGAPT100988","7_OAKRIDGE_PIT1","7_OAKRIDGE_PIT1_E","E",2013-09-23,2013-09-23,"7_OAKRIDGE_PIT1_ARCHIVE_10-19_E","NEON",10,19,NA,3600.6,"20201217T020748Z","RELEASE-2021"
"06b2c88a-879c-45dc-8ee9-d953f5aaeea0","D07","ORNL","MEGAPT100988","7_OAKRIDGE_PIT1","7_OAKRIDGE_PIT1_2BT3","2Bt3",2013-09-23,2013-09-23,"7_OAKRIDGE_PIT1_ARCHIVE_65-147_2BT3","NEON",65,147,NA,3279.4,"20201217T020748Z","RELEASE-2021"
"9dd81164-1755-4578-b215-bd18581f8fa3","D07","ORNL","MEGAPT100988","7_OAKRIDGE_PIT1","7_OAKRIDGE_PIT1_2BT2","2Bt2",2013-09-23,2013-09-23,NA,NA,NA,NA,NA,NA,"20201217T020748Z","RELEASE-2021"
"633eaa96-044a-42b0-93ae-604696ff4aa6","D07","ORNL","MEGAPT100988","7_OAKRIDGE_PIT1","7_OAKRIDGE_PIT1_OI","Oi",2013-09-23,2013-09-23,"7_OAKRIDGE_PIT1_ARCHIVE_0-1_OI","NEON",0,1,NA,914.2,"20201217T020748Z","RELEASE-2021"
"83e3fc93-e580-4566-842a-c643a331309e","D08","DELA","MEGAPT100969","8_DEADLAKE_PIT1","8_DEADLAKE_PIT1_OI","Oi",2013-04-29,2013-04-29,"8_DEADLAKE_PIT1_0-2_ARCHIVE_LITTER","NEON",0,2,NA,1660.9,"20201217T015523Z","RELEASE-2021"
"17699b11-a9af-4891-a775-f45b99bdb5e1","D08","DELA","MEGAPT100969","8_DEADLAKE_PIT1","8_DEADLAKE_PIT1_BT1","Bt1",2013-04-29,2013-04-29,"8_DEADLAKE_PIT1_27-58_ARCHIVE_BT1","NEON",27,58,NA,1200.6,"20201217T015523Z","RELEASE-2021"
"161deb20-6b76-4914-bd77-7e0dc2125c76","D08","DELA","MEGAPT100969","8_DEADLAKE_PIT1","8_DEADLAKE_PIT1_A1","A1",2013-04-29,2013-04-29,"8_DEADLAKE_PIT1_2-15_ARCHIVE_A1","NEON",2,15,NA,1199.9,"20201217T015523Z","RELEASE-2021"
"1fc25dfe-f77b-4724-8f73-85406e1af902","D08","DELA","MEGAPT100969","8_DEADLAKE_PIT1","8_DEADLAKE_PIT1_A2","A2",2013-04-29,2013-04-29,"8_DEADLAKE_PIT1_15-27_ARCHIVE_A2","NEON",15,27,NA,1200,"20201217T015523Z","RELEASE-2021"
"cee36549-8576-46d0-ad08-04afd56d3b14","D08","DELA","MEGAPT100969","8_DEADLAKE_PIT1","8_DEADLAKE_PIT1_BT4","Bt4",2013-04-29,2013-04-29,"8_DEADLAKE_PIT1_150-200_ARCHIVE_BT4","NEON",150,200,NA,1199.5,"20201217T015523Z","RELEASE-2021"
"7b04154c-eaa4-46bd-9e2c-8590be3032de","D08","DELA","MEGAPT100969","8_DEADLAKE_PIT1","8_DEADLAKE_PIT1_BT3","Bt3",2013-04-29,2013-04-29,"8_DEADLAKE_PIT1_79-150_ARCHIVE_BT3","NEON",79,150,NA,1201,"20201217T015523Z","RELEASE-2021"
"ec1af1df-e3ad-45b9-8564-dcb76770940a","D08","DELA","MEGAPT100969","8_DEADLAKE_PIT1","8_DEADLAKE_PIT1_BT2","Bt2",2013-04-29,2013-04-29,"8_DEADLAKE_PIT1_58-79_ARCHIVE_BT2","NEON",58,79,NA,1199.7,"20201217T015523Z","RELEASE-2021"
"275a2738-ac79-4a64-8814-4a426cc38f5a","D08","LENO","MEGAPT100980","D08_LENO_PIT1","8_LENOIR_PIT1_BW","Bw",2015-03-16,2015-03-16,"D08_LENOIR_PIT1_ARCHIVE_8-21_BW","NEON",8,21,NA,3600.7,"20201217T052600Z","RELEASE-2021"
"e4fe9c39-0956-4167-95bb-73f4353d37ab","D08","LENO","MEGAPT100980","D08_LENO_PIT1","8_LENOIR_PIT1_BG1","Bg1",2015-03-16,2015-03-16,"D08_LENOIR_PIT1_ARCHIVE_21-58_BG1","NEON",21,58,NA,3599.9,"20201217T052600Z","RELEASE-2021"
"62fd5636-05fd-4c14-b4ec-db89a571f7b7","D08","LENO","MEGAPT100980","D08_LENO_PIT1","8_LENOIR_PIT1_OI","Oi",2015-03-16,2015-03-16,"D08_LENOIR_PIT1_ARCHIVE_0-2_OI","NEON",0,2,NA,3600.7,"20201217T052600Z","RELEASE-2021"
"a38b123e-7680-44b1-99ed-ff33d19d799a","D08","LENO","MEGAPT100980","D08_LENO_PIT1","8_LENOIR_PIT1_BG4","Bg4",2015-03-16,2015-03-16,"D08_LENOIR_PIT1_ARCHIVE_147-200_BG4","NEON",147,200,NA,3601.1,"20201217T052600Z","RELEASE-2021"
"56d3cfa2-3a07-42e6-a157-142235c6ae9b","D08","LENO","MEGAPT100980","D08_LENO_PIT1","8_LENOIR_PIT1_BG2","Bg2",2015-03-16,2015-03-16,"D08_LENOIR_PIT1_ARCHIVE_58-102_BG2","NEON",58,102,NA,3601.1,"20201217T052600Z","RELEASE-2021"
"ab4f98b3-88b4-4c13-806f-09ebf67ceda6","D08","LENO","MEGAPT100980","D08_LENO_PIT1","8_LENOIR_PIT1_BG3","Bg3",2015-03-16,2015-03-16,"D08_LENOIR_PIT1_ARCHIVE_102-147_BG3","NEON",102,147,NA,3602,"20201217T052600Z","RELEASE-2021"
"2f9e4190-ae3c-454f-a40a-ce2a279da490","D08","LENO","MEGAPT100980","D08_LENO_PIT1","8_LENOIR_PIT1_A","A",2015-03-16,2015-03-16,"D08_LENOIR_PIT1_ARCHIVE_2-8_A","NEON",2,8,NA,3601,"20201217T052600Z","RELEASE-2021"
"8397ec3f-ce08-4398-84a9-4e896165e5f5","D08","TALL","MEGAPT100998","D08_TALLADEGA_PIT1","D08_TALLADEGA_PIT1_A1","A1",2014-01-13,2014-01-13,"D08_TALLADEGA_PIT1_ARCHIVE_0-10CM_A1","NEON",0,10,NA,3600.3,"20201217T034359Z","RELEASE-2021"
"9e4f3489-8053-4367-b0bf-9761d156dc13","D08","TALL","MEGAPT100998","D08_TALLADEGA_PIT1","D08_TALLADEGA_PIT1_C2","C2",2014-01-13,2014-01-13,"D08_TALLADEGA_PIT1_ARCHIVE_130-200_C2","NEON",130,200,NA,3600.7,"20201217T034359Z","RELEASE-2021"
"2ced697d-b6f8-4ed8-b04d-fbf57b764189","D08","TALL","MEGAPT100998","D08_TALLADEGA_PIT1","D08_TALLADEGA_PIT1_BC","Bc",2014-01-13,2014-01-13,"D08_TALLADEGA_PIT1_ARCHIVE_75-93_BC","NEON",75,93,NA,3600.6,"20201217T034359Z","RELEASE-2021"
"ff7a4a01-6df8-4632-a0b6-97ba62dc281e","D08","TALL","MEGAPT100998","D08_TALLADEGA_PIT1","D08_TALLADEGA_PIT1_BT","Bt",2014-01-13,2014-01-13,"D08_TALLADEGA_PIT1_ARCHIVE_37-75_BT","NEON",37,75,NA,3600,"20201217T034359Z","RELEASE-2021"
"78b655b5-f099-4f74-bf30-9c1271780b64","D08","TALL","MEGAPT100998","D08_TALLADEGA_PIT1","D08_TALLADEGA_PIT1_BE","BE",2014-01-13,2014-01-13,"D08_TALLADEGA_PIT1_ARCHIVE_25-37_BE","NEON",25,37,NA,3601.6,"20201217T034359Z","RELEASE-2021"
"db150292-0604-422b-9160-6aa6d3d9e682","D08","TALL","MEGAPT100998","D08_TALLADEGA_PIT1","D08_TALLADEGA_PIT1_A2","A2",2014-01-13,2014-01-13,"D08_TALLADEGA_PIT1_ARCHIVE_10-25CM_A2","NEON",10,25,NA,3601,"20201217T034359Z","RELEASE-2021"
"4333ab4e-3aaf-4f18-be4a-3a0454b95866","D08","TALL","MEGAPT100998","D08_TALLADEGA_PIT1","D08_TALLADEGA_PIT1_C1","C1",2014-01-13,2014-01-13,"D08_TALLADEGA_PIT1_ARCHIVE_93-130_C1","NEON",93,130,NA,3600.1,"20201217T034359Z","RELEASE-2021"
"bf7af481-7de7-4c32-aa1e-6c9bb0614711","D09","DCFS","MEGAPT100968","9_DAKOTAC_PIT1","9_DAKOTAC_PIT1_A1","A1",2012-09-26,2012-09-26,"9_DAKOTAC_PIT1_0-8_ARCHIVE_A1","NEON",0,8,NA,1200.1,"20201216T224005Z","RELEASE-2021"
"3a48f549-e842-48ba-9dc8-b2badcea9a60","D09","DCFS","MEGAPT100968","9_DAKOTAC_PIT1","9_DAKOTAC_PIT1_C1","C1",2012-09-26,2012-09-26,"9_DAKOTAC_PIT1_110-148_ARCHIVE_C1","NEON",110,148,NA,1201.7,"20201216T224005Z","RELEASE-2021"
"6567b6b1-dfe9-415a-893a-4ef369e228f3","D09","DCFS","MEGAPT100968","9_DAKOTAC_PIT1","9_DAKOTAC_PIT1_BK2","Bk2",2012-09-26,2012-09-26,"9_DAKOTAC_PIT1_55-92_ARCHIVE_BK2","NEON",55,92,NA,1201.3,"20201216T224005Z","RELEASE-2021"
"143b868d-a132-4ffa-bee4-a0c0b38c0a11","D09","DCFS","MEGAPT100968","9_DAKOTAC_PIT1","9_DAKOTAC_PIT1_C2","C2",2012-09-26,2012-09-26,"9_DAKOTAC_PIT1_148-165_ARCHIVE_C2","NEON",148,165,NA,1202,"20201216T224005Z","RELEASE-2021"
"63f015c2-bce3-40c4-8f07-5dead7b99b3c","D09","DCFS","MEGAPT100968","9_DAKOTAC_PIT1","9_DAKOTAC_PIT1_A2","A2",2012-09-26,2012-09-26,"9_DAKOTAC_PIT1_8-18_ARCHIVE_A2","NEON",8,18,NA,1199.7,"20201216T224005Z","RELEASE-2021"
"2c2d7bd7-7191-40fb-aee8-357181ab408b","D09","DCFS","MEGAPT100968","9_DAKOTAC_PIT1","9_DAKOTAC_PIT1_C3","C3",2012-09-26,2012-09-26,"9_DAKOTAC_PIT1_165-200_ARCHIVE_C3","NEON",165,200,NA,1201.3,"20201216T224005Z","RELEASE-2021"
"a8fb84b9-e9db-4ebd-807e-dea0e2fcc536","D09","DCFS","MEGAPT100968","9_DAKOTAC_PIT1","9_DAKOTAC_PIT1_BW","Bw",2012-09-26,2012-09-26,"9_DAKOTAC_PIT1_26-35_ARCHIVE_BW","NEON",26,35,NA,1199.6,"20201216T224005Z","RELEASE-2021"
"84fca63a-2705-433a-9bbc-62e346467c22","D09","DCFS","MEGAPT100968","9_DAKOTAC_PIT1","9_DAKOTAC_PIT1_BK1","Bk1",2012-09-26,2012-09-26,"9_DAKOTAC_PIT1_35-55_ARCHIVE_BK1","NEON",35,55,NA,1200.1,"20201216T224005Z","RELEASE-2021"
"7f09eb49-a728-4dc6-bb5f-6e5bd26847d8","D09","DCFS","MEGAPT100968","9_DAKOTAC_PIT1","9_DAKOTAC_PIT1_A3","A3",2012-09-26,2012-09-26,"9_DAKOTAC_PIT1_18-26_ARCHIVE_A3","NEON",18,26,NA,1200.1,"20201216T224005Z","RELEASE-2021"
"8d4206a4-add1-4ed0-a6de-dd36063a5c2e","D09","DCFS","MEGAPT100968","9_DAKOTAC_PIT1","9_DAKOTAC_PIT1_BC","BC",2012-09-26,2012-09-26,"9_DAKOTAC_PIT1_92-110_ARCHIVE_BC","NEON",92,110,NA,1200.5,"20201216T224005Z","RELEASE-2021"
"7f3a96d4-28ff-4a67-b2af-9825c94a46c0","D09","NOGP","MEGAPT100985","9_NGPRL_PIT1","9_NGPRL_PIT1_BTK1","Btk1",2013-07-08,2013-07-08,"9_NGPRL_PIT1_84-112_ARCHIVE_BTK1","NEON",84,112,NA,3605.6,"20201217T032643Z","RELEASE-2021"
"f4b1ddcc-2abd-4cc4-bd58-62442f616539","D09","NOGP","MEGAPT100985","9_NGPRL_PIT1","9_NGPRL_PIT1_A3","A3",2013-07-08,2013-07-08,"9_NGPRL_PIT1_11-31_ARCHIVE_A3","NEON",11,31,NA,3604.7,"20201217T032643Z","RELEASE-2021"
"e1735c8d-1eb0-40f5-a93f-12e300f6ae73","D09","NOGP","MEGAPT100985","9_NGPRL_PIT1","9_NGPRL_PIT1_BT1","Bt1",2013-07-08,2013-07-08,"9_NGPRL_PIT1_31-46_ARCHIVE_BT1","NEON",31,46,NA,3605.4,"20201217T032643Z","RELEASE-2021"
"d90cb357-a0bc-44f5-a737-9d1db1447c89","D09","NOGP","MEGAPT100985","9_NGPRL_PIT1","9_NGPRL_PIT1_BT2","Bt2",2013-07-08,2013-07-08,"9_NGPRL_PIT1_46-64_ARCHIVE_BT2","NEON",46,64,NA,3393.4,"20201217T032643Z","RELEASE-2021"
"476cbc44-7bb8-4f2c-9714-f6b22b703a55","D09","NOGP","MEGAPT100985","9_NGPRL_PIT1","9_NGPRL_PIT1_A1","A1",2013-07-08,2013-07-08,"9_NGPRL_PIT1_0-4_ARCHIVE_A1","NEON",0,4,NA,2133.3,"20201217T032643Z","RELEASE-2021"
"81a4c113-ca01-436b-b1ed-03617d1e532e","D09","NOGP","MEGAPT100985","9_NGPRL_PIT1","9_NGPRL_PIT1_A2","A2",2013-07-08,2013-07-08,"9_NGPRL_PIT1_4-11_ARCHIVE_A2","NEON",4,11,NA,3071,"20201217T032643Z","RELEASE-2021"
"e0c423c5-9b7e-4124-86d1-5f709969c9d7","D09","NOGP","MEGAPT100985","9_NGPRL_PIT1","9_NGPRL_PIT1_C","C",2013-07-08,2013-07-08,"9_NGPRL_PIT1_182-200_ARCHIVE_C","NEON",182,200,NA,3066.3,"20201217T032643Z","RELEASE-2021"
"ac692985-d72a-4297-b645-afa129b294c0","D09","NOGP","MEGAPT100985","9_NGPRL_PIT1","9_NGPRL_PIT1_BT3","Bt3",2013-07-08,2013-07-08,"9_NGPRL_PIT1_64-84_ARCHIVE_BT3","NEON",64,84,NA,3398.1,"20201217T032643Z","RELEASE-2021"
"e594c973-bd51-4611-b819-63e3bdc2b67f","D09","NOGP","MEGAPT100985","9_NGPRL_PIT1","9_NGPRL_PIT1_BTK2","Btk2",2013-07-08,2013-07-08,"9_NGPRL_PIT1_112-145_ARCHIVE_BTK2","NEON",112,145,NA,3604.3,"20201217T032643Z","RELEASE-2021"
"d2eef069-7e5e-4dca-9752-9edb487504d4","D09","NOGP","MEGAPT100985","9_NGPRL_PIT1","9_NGPRL_PIT1_BK","Bk",2013-07-08,2013-07-08,"9_NGPRL_PIT1_145-182_ARCHIVE_BK","NEON",145,182,NA,2899.3,"20201217T032643Z","RELEASE-2021"
"00f40fa0-997c-41cc-8e7c-52471386e2ae","D09","NOGP","MEGAPT100985","9_NGPRL_PIT1","9_NGPRL_PIT1_C","C",2013-07-08,2013-07-08,NA,NA,NA,NA,NA,NA,"20201217T032643Z","RELEASE-2021"
"7d3218ff-9fdb-40e3-819c-39fe78db612f","D09","WOOD","MEGAPT101002","9_WOODWORTH_PIT1","9_WOODWORTH_PIT1_2BK1","2Bk1",2012-09-18,2012-09-18,"9_WOODWORTH_PIT1_32-58_ARCHIVE_2BK1","NEON",32,58,NA,1201.7,"20201216T234629Z","RELEASE-2021"
"27e4afd9-3f5f-4c6d-8b06-e5cf7be9c6e9","D09","WOOD","MEGAPT101002","9_WOODWORTH_PIT1","9_WOODWORTH_PIT1_2C","2C",2012-09-18,2012-09-18,"9_WOODWORTH_PIT1_133-200_ARCHIVE_2C","NEON",133,200,NA,1201.4,"20201216T234629Z","RELEASE-2021"
"fd6877cd-63f3-4793-af50-7740f5f0d470","D09","WOOD","MEGAPT101002","9_WOODWORTH_PIT1","9_WOODWORTH_PIT1_2BCK","2BCk",2012-09-18,2012-09-18,"9_WOODWORTH_PIT1_92-133_ARCHIVE_2BCK","NEON",92,133,NA,1202.1,"20201216T234629Z","RELEASE-2021"
"7af84a16-97a8-4193-bf64-8534c73f6af3","D09","WOOD","MEGAPT101002","9_WOODWORTH_PIT1","9_WOODWORTH_PIT1_2BW","2Bw",2012-09-18,2012-09-18,"9_WOODWORTH_PIT1_16-32_ARCHIVE_2BW","NEON",16,32,NA,1200.3,"20201216T234629Z","RELEASE-2021"
"107ae25b-5f9c-47f1-ad22-7bf9738353d4","D09","WOOD","MEGAPT101002","9_WOODWORTH_PIT1","9_WOODWORTH_PIT1_2BK2","2Bk2",2012-09-18,2012-09-18,"9_WOODWORTH_PIT1_58-92_ARCHIVE_2BK2","NEON",58,92,NA,1202.2,"20201216T234629Z","RELEASE-2021"
"07449273-13c9-4447-aae5-ac34b8e07055","D09","WOOD","MEGAPT101002","9_WOODWORTH_PIT1","9_WOODWORTH_PIT1_AP","Ap",2012-09-18,2012-09-18,"9_WOODWORTH_PIT1_6-16_ARCHIVE_AP","NEON",6,16,NA,1200.3,"20201216T234629Z","RELEASE-2021"
"ab2b2991-77dd-47bd-94dc-0ec07c7f7cb5","D09","WOOD","MEGAPT101002","9_WOODWORTH_PIT1","9_WOODWORTH_PIT1_AO","AO",2012-09-18,2012-09-18,"9_WOODWORTH_PIT1_0-6_ARCHIVE_AO","NEON",0,6,NA,1200.3,"20201216T234629Z","RELEASE-2021"
"537badfd-7d90-466b-8c67-12ca5ac0f29e","D10","CPER","MEGAPT100967","10_CPER_PIT1","10_CPER_PIT1_A","A",2012-08-13,2012-08-13,"10_CPER_PIT1_0-10_ARCHIVE_A","NEON",0,10,NA,1201.2,"20201216T233943Z","RELEASE-2021"
"6980fc44-624e-4a51-9544-b560cab8ec1c","D10","CPER","MEGAPT100967","10_CPER_PIT1","10_CPER_PIT1_BK1","Bk1",2012-08-13,2012-08-13,"10_CPER_PIT1_81-137_ARCHIVE_BK1","NEON",81,137,NA,1201.7,"20201216T233943Z","RELEASE-2021"
"0f419fec-cfd3-4826-b14d-5e30abaad08f","D10","CPER","MEGAPT100967","10_CPER_PIT1","10_CPER_PIT1_2C","2C",2012-08-13,2012-08-13,"10_CPER_PIT1_181-200_ARCHIVE_2C","NEON",181,200,NA,1202.3,"20201216T233943Z","RELEASE-2021"
"02bd1a99-2d82-4acb-b992-f1a91aaed8e3","D10","CPER","MEGAPT100967","10_CPER_PIT1","10_CPER_PIT1_BA","BA",2012-08-13,2012-08-13,"10_CPER_PIT1_10-30_ARCHIVE_BA","NEON",10,30,NA,1201.2,"20201216T233943Z","RELEASE-2021"
"1d22cbb0-c16f-4a3a-8281-c2848b8a14c8","D10","CPER","MEGAPT100967","10_CPER_PIT1","10_CPER_PIT1_BK2","Bk2",2012-08-13,2012-08-13,"10_CPER_PIT1_137-181_ARCHIVE_BK2","NEON",137,181,NA,1202,"20201216T233943Z","RELEASE-2021"
"7ada1bea-107c-49ec-9281-59b1d63a6ab8","D10","CPER","MEGAPT100967","10_CPER_PIT1","10_CPER_PIT1_BT2","Bt2",2012-08-13,2012-08-13,"10_CPER_PIT1_54-81_ARCHIVE_BT2","NEON",54,81,NA,1202.2,"20201216T233943Z","RELEASE-2021"
"154b145f-9a6b-47fe-865d-7b8ac6ddc472","D10","CPER","MEGAPT100967","10_CPER_PIT1","10_CPER_PIT1_BT1","Bt1",2012-08-13,2012-08-13,"10_CPER_PIT1_30-54_ARCHIVE_BT1","NEON",30,54,NA,1200.5,"20201216T233943Z","RELEASE-2021"
"be874c30-7006-415f-8dc6-01cc7f616341","D10","RMNP","MEGAPT100990","10_CASTNET_PIT1","10_CASTNET_PIT1_A","A",2013-05-31,2013-05-31,"10_CASTNET_PIT1_0-10_ARCHIVE_A","NEON",0,10,NA,1200.9,"20201217T032425Z","RELEASE-2021"
"ac978dbf-c735-4a19-9418-94d30acb4a73","D10","RMNP","MEGAPT100990","10_CASTNET_PIT1","10_CASTNET_PIT1_C","C",2013-05-31,2013-05-31,"10_CASTNET_PIT1_84-123_ARCHIVE_C","NEON",84,123,NA,1200.5,"20201217T032425Z","RELEASE-2021"
"a3155874-ac77-4e86-a158-08747bc58edf","D10","RMNP","MEGAPT100990","10_CASTNET_PIT1","10_CASTNET_PIT1_C/B","C/B",2013-05-31,2013-05-31,"10_CASTNET_PIT1_33-84_ARCHIVE_C/B_C MATERIAL","NEON",33,84,NA,1201.3,"20201217T032425Z","RELEASE-2021"
"74f48e42-ccd3-4984-97e9-59ddcda591c9","D10","RMNP","MEGAPT100990","10_CASTNET_PIT1","10_CASTNET_PIT1_AB","AB",2013-05-31,2013-05-31,"10_CASTNET_PIT1_10-33_ARCHIVE_AB","NEON",10,33,NA,1200.8,"20201217T032425Z","RELEASE-2021"
"efccfdb8-a3bf-46f7-9c4c-069be5f053c7","D10","RMNP","MEGAPT100990","10_CASTNET_PIT1","10_CASTNET_PIT1_R","R",2013-05-31,2013-05-31,"10_CASTNET_PIT1_198-202_ARCHIVE_R","NEON",198,202,NA,1072.9,"20201217T032425Z","RELEASE-2021"
"92200f46-3a7c-489b-a640-2b2efc31c275","D10","RMNP","MEGAPT100990","10_CASTNET_PIT1","10_CASTNET_PIT1_C/B","C/B",2013-05-31,2013-05-31,"10_CASTNET_PIT1_33-84_ARCHIVE_C/B_B MATERIAL","NEON",33,84,NA,1200.6,"20201217T032425Z","RELEASE-2021"
"c5182445-8d70-430a-a0df-b078238acd8d","D10","RMNP","MEGAPT100990","10_CASTNET_PIT1","10_CASTNET_PIT1_CR","Cr",2013-05-31,2013-05-31,"10_CASTNET_PIT1_123-198_ARCHIVE_CR","NEON",123,160,NA,2402,"20201217T032425Z","RELEASE-2021"
"6d39c4b5-ab93-4116-a2ff-81e794fde1e9","D10","STER","MEGAPT100997","10_STERLING_PIT1","10_STERLING_PIT1_C2","C2",2013-04-08,2013-04-08,"10_STERLING_PIT1_159-200_ARCHIVE_C2","NEON",159,200,NA,1202,"20201217T014504Z","RELEASE-2021"
"2054617e-647c-429e-9487-cfd0320c3426","D10","STER","MEGAPT100997","10_STERLING_PIT1","10_STERLING_PIT1_AP2","Ap2",2013-04-08,2013-04-08,"10_STERLING_PIT1_11-28_ARCHIVE_AP2","NEON",11,28,NA,1200.5,"20201217T014504Z","RELEASE-2021"
"5a665054-81dc-4929-b025-06b5bd9d39a9","D10","STER","MEGAPT100997","10_STERLING_PIT1","10_STERLING_PIT1_AP1","Ap1",2013-04-08,2013-04-08,"10_STERLING_PIT1_0-11_ARCHIVE_AP1","NEON",0,11,NA,1202.4,"20201217T014504Z","RELEASE-2021"
"00800b5a-32d9-47bb-863f-685dc51c57ee","D10","STER","MEGAPT100997","10_STERLING_PIT1","10_STERLING_PIT1_C1","C1",2013-04-08,2013-04-08,"10_STERLING_PIT1_121-159_ARCHIVE_C1","NEON",121,159,NA,1202.3,"20201217T014504Z","RELEASE-2021"
"9a83f0b5-7be3-4254-89fa-c83e12666a49","D10","STER","MEGAPT100997","10_STERLING_PIT1","10_STERLING_PIT1_BTK","Btk",2013-04-08,2013-04-08,"10_STERLING_PIT1_70-121_ARCHIVE_BTK","NEON",70,121,NA,1202.1,"20201217T014504Z","RELEASE-2021"
"c76aec3b-3c27-4028-b523-e146b7aad30c","D10","STER","MEGAPT100997","10_STERLING_PIT1","10_STERLING_PIT1_BT","Bt",2013-04-08,2013-04-08,"10_STERLING_PIT1_28-70_ARCHIVE_BT","NEON",28,70,NA,1201.7,"20201217T014504Z","RELEASE-2021"
"0e8dc458-ebe9-4cec-918e-529c6282a941","D11","CLBJ","MEGAPT100966","11_CLBJ_PIT1","11_CLBJ_PIT1_BT2","Bt2",2016-05-09,2016-05-09,"11_CLBJ_PIT1_ARCHIVE_71-89_BT2","NEON",89,89,NA,3600.6,"20201217T154655Z","RELEASE-2021"
"5e4bc501-9c8b-4803-9d79-390dbd29c463","D11","CLBJ","MEGAPT100966","11_CLBJ_PIT1","11_CLBJ_PIT1_A","A",2016-05-09,2016-05-09,"11_CLBJ_PIT1_ARCHIVE_0-21_A","NEON",0,21,NA,3600.3,"20201217T154655Z","RELEASE-2021"
"e1cceeec-19f2-4f3e-b342-4688b7a23f5a","D11","CLBJ","MEGAPT100966","11_CLBJ_PIT1","11_CLBJ_PIT1_E","E",2016-05-09,2016-05-09,"11_CLBJ_PIT1_ARCHIVE_21-34_E","NEON",21,34,NA,3600.5,"20201217T154655Z","RELEASE-2021"
"fbfff002-74a5-4788-a31b-d641b5193a9a","D11","CLBJ","MEGAPT100966","11_CLBJ_PIT1","11_CLBJ_PIT1_CD","Cd",2016-05-09,2016-05-09,"11_CLBJ_PIT1_ARCHIVE_122_147_CD","NEON",147,147,NA,3600.4,"20201217T154655Z","RELEASE-2021"
"74d2ccad-37c2-4735-bdd2-12e05d048f72","D11","CLBJ","MEGAPT100966","11_CLBJ_PIT1","11_CLBJ_PIT1_BT1","Bt1",2016-05-09,2016-05-09,"11_CLBJ_PIT1_ARCHIVE_34-71_BT1","NEON",34,71,NA,3600.2,"20201217T154655Z","RELEASE-2021"
"bb9ec8f9-1fee-4ebb-93cc-009bea83b7a0","D11","CLBJ","MEGAPT100966","11_CLBJ_PIT1","11_CLBJ_PIT1_BT3","Bt3",2016-05-09,2016-05-09,"11_CLBJ_PIT1_ARCHIVE_89-122_BT3","NEON",122,122,NA,3600.2,"20201217T154655Z","RELEASE-2021"
"6196d0d0-4c9e-44ca-af4b-bc8786b2bdb6","D11","OAES","MEGAPT100986","11_KLEMME_PIT1","11_KLEMME_PIT1_BW","Bw",2013-02-19,2013-02-19,"11_KLEMME_PIT1_8-20_ARCHIVE_BW","NEON",8,20,NA,1201.6,"20201217T014431Z","RELEASE-2021"
"fa5f65a0-ddda-4f02-9435-ffe4c207a168","D11","OAES","MEGAPT100986","11_KLEMME_PIT1","11_KLEMME_PIT1_R","R",2013-02-19,2013-02-19,"11_KLEMME_PIT1_46-50_ARCHIVE_R","NEON",46,50,NA,1200,"20201217T014431Z","RELEASE-2021"
"7628c462-554c-4d41-8a24-204e58f794f1","D11","OAES","MEGAPT100986","11_KLEMME_PIT1","11_KLEMME_PIT1_CR2","CR2",2013-02-19,2013-02-19,"11_KLEMME_PIT1_31-46_ARCHIVE_CR2","NEON",31,46,NA,2399.8,"20201217T014431Z","RELEASE-2021"
"b08483b0-8071-438b-9a11-bec04b5c44de","D11","OAES","MEGAPT100986","11_KLEMME_PIT1","11_KLEMME_PIT1_CR1","CR1",2013-02-19,2013-02-19,"11_KLEMME_PIT1_20-31_ARCHIVE_CR1","NEON",20,31,NA,1997.1,"20201217T014431Z","RELEASE-2021"
"550520a7-9feb-43cb-acf5-ca690c8e07c9","D11","OAES","MEGAPT100986","11_KLEMME_PIT1","11_KLEMME_PIT1_A","A",2013-02-19,2013-02-19,"11_KLEMME_PIT1_0-8_ARCHIVE_A","NEON",0,8,NA,1200.8,"20201217T014431Z","RELEASE-2021"
"9bf1dafc-3fcb-4204-935f-24ed423165c5","D12","YELL","MEGAPT101003","12_YELL_PIT1","12_YELL_PIT1_BTK3","Btk3",2018-07-11,2018-07-11,"12_YELL_PIT1_ARCHIVE_126-161_BTK3","NEON",126,161,NA,3598.4,"20201218T134226Z","RELEASE-2021"
"5b7b3c41-6bf6-4dbc-8d47-cc588e0a732f","D12","YELL","MEGAPT101003","12_YELL_PIT1","12_YELL_PIT1_A","A",2018-07-11,2018-07-11,"12_YELL_PIT1_ARCHIVE_0-4_A","NEON",0,4,NA,3623.3,"20201218T134226Z","RELEASE-2021"
"a59c89ce-8d1a-4add-88f4-f34bbf8ab414","D12","YELL","MEGAPT101003","12_YELL_PIT1","12_YELL_PIT1_BTK2","Btk2",2018-07-11,2018-07-11,"12_YELL_PIT1_ARCHIVE_98-126_BTK2","NEON",98,126,NA,3599.6,"20201218T134226Z","RELEASE-2021"
"d0fa34d4-26f0-4b5c-b0cd-4126871308c7","D12","YELL","MEGAPT101003","12_YELL_PIT1","12_YELL_PIT1_BT2","Bt2",2018-07-11,2018-07-11,"12_YELL_PIT1_ARCHIVE_45-67_BT2","NEON",45,67,NA,3600.9,"20201218T134226Z","RELEASE-2021"
"2b0ba2d2-0120-495d-99af-f7de331ca522","D12","YELL","MEGAPT101003","12_YELL_PIT1","12_YELL_PIT1_BTK4","Btk4",2018-07-11,2018-07-11,"12_YELL_PIT1_ARCHIVE_161-200_BTK4","NEON",161,200,NA,3607.5,"20201218T134226Z","RELEASE-2021"
"dd0e8cc2-77a0-420e-8418-8217f4c9efd1","D12","YELL","MEGAPT101003","12_YELL_PIT1","12_YELL_PIT1_BW","Bw",2018-07-11,2018-07-11,"12_YELL_PIT1_ARCHIVE_29-45_BW","NEON",29,45,NA,3600.7,"20201218T134226Z","RELEASE-2021"
"9886f91d-4565-479a-bb8b-5fe6c28aaa18","D12","YELL","MEGAPT101003","12_YELL_PIT1","12_YELL_PIT1_BTK1","Btk1",2018-07-11,2018-07-11,"12_YELL_PIT1_ARCHIVE_67-98_BTK1","NEON",67,98,NA,3598.8,"20201218T134226Z","RELEASE-2021"
"b5359403-53ca-4eea-95cc-8b8629f82e3e","D12","YELL","MEGAPT101003","12_YELL_PIT1","12_YELL_PIT1_BT1","Bt1",2018-07-11,2018-07-11,"12_YELL_PIT1_ARCHIVE_4-29_BT1","NEON",4,29,NA,3599.1,"20201218T134226Z","RELEASE-2021"
"12f4e074-1026-4636-899f-f4a118e75f1c","D13","MOAB","MEGAPT100983","13_MOAB_PIT1","13_MOAB_PIT1_C2","C2",2014-02-24,2014-02-24,"13_MOAB_PIT1_ARCHIVE_160_200_C2","NEON",160,200,NA,3600.2,"20201217T040318Z","RELEASE-2021"
"6325ce41-fdb4-4fc2-8366-a6448a498f7d","D13","MOAB","MEGAPT100983","13_MOAB_PIT1","13_MOAB_PIT1_CK","Ck",2014-02-24,2014-02-24,"13_MOAB_PIT1_ARCHIVE_82_116_CK","NEON",82,116,NA,3601.3,"20201217T040318Z","RELEASE-2021"
"a62aa79c-7ac5-48bd-ac03-4d99139dfa1d","D13","MOAB","MEGAPT100983","13_MOAB_PIT1","13_MOAB_PIT1_BW","Bw",2014-02-24,2014-02-24,"13_MOAB_PIT1_ARCHIVE_6_31_BW","NEON",6,31,NA,3600.5,"20201217T040318Z","RELEASE-2021"
"345bb7d3-6480-4004-bf26-4a716fcd433a","D13","MOAB","MEGAPT100983","13_MOAB_PIT1","13_MOAB_PIT1_BK1","Bk1",2014-02-24,2014-02-24,"13_MOAB_PIT1_ARCHIVE_31_47_BK1","NEON",31,47,NA,3600.9,"20201217T040318Z","RELEASE-2021"
"d650a350-99e7-42d6-b569-0f31fab48974","D13","MOAB","MEGAPT100983","13_MOAB_PIT1","13_MOAB_PIT1_A","A",2014-02-24,2014-02-24,"13_MOAB_PIT1_ARCHIVE_O_6_A","NEON",0,6,NA,3600.9,"20201217T040318Z","RELEASE-2021"
"9c2e3f56-67ec-45ab-9ceb-5f4fac16d97b","D13","MOAB","MEGAPT100983","13_MOAB_PIT1","13_MOAB_PIT1_C1","C1",2014-02-24,2014-02-24,"13_MOAB_PIT1_ARCHIVE_116_160_C1","NEON",116,160,NA,3600.3,"20201217T040318Z","RELEASE-2021"
"64c60b88-e4dd-4b4d-91cd-f2abee84c65e","D13","MOAB","MEGAPT100983","13_MOAB_PIT1","13_MOAB_PIT1_C2","C2",2014-02-24,2014-02-24,NA,NA,NA,NA,NA,NA,"20201217T040318Z","RELEASE-2021"
"7c40356a-eaec-4a0e-b5ac-9826fe59bd38","D13","MOAB","MEGAPT100983","13_MOAB_PIT1","13_MOAB_PIT1_BK3","Bk3",2014-02-24,2014-02-24,"13_MOAB_PIT1_ARCHIVE_62_82_BK3","NEON",62,82,NA,3600.3,"20201217T040318Z","RELEASE-2021"
"f313905a-d9a2-436d-8878-18218912601f","D13","MOAB","MEGAPT100983","13_MOAB_PIT1","13_MOAB_PIT1_BK2","Bk2",2014-02-24,2014-02-24,"13_MOAB_PIT1_ARCHIVE_47_62_BK2","NEON",47,62,NA,3600.3,"20201217T040318Z","RELEASE-2021"
"bf615f00-2cf4-4791-8d7a-e1dfb757172f","D13","NIWO","MEGAPT100984","13_NIWOT_PIT1","13_NIWOT_PIT1_BW1","Bw1",2014-08-19,2014-08-19,"13_NIWOT_PIT1_ARCHIVE_30-49_BW1","NEON",30,49,NA,3601.2,"20201217T043023Z","RELEASE-2021"
"f5571e31-cee2-420a-b854-98b5f822a640","D13","NIWO","MEGAPT100984","13_NIWOT_PIT1","13_NIWOT_PIT1_BW2","Bw2",2014-08-19,2014-08-19,"13_NIWOT_PIT1_ARCHIVE_49-79_BW2","NEON",49,79,NA,3622,"20201217T043023Z","RELEASE-2021"
"54c16f01-dab1-4491-a1e6-86b5c2aecbcd","D13","NIWO","MEGAPT100984","13_NIWOT_PIT1","13_NIWOT_PIT1_A2","A2",2014-08-19,2014-08-19,"13_NIWOT_PIT1_ARCHIVE_14-30_A2","NEON",14,30,NA,3592.5,"20201217T043023Z","RELEASE-2021"
"1b4d3a0a-656b-4615-968d-c64a7872a1dd","D13","NIWO","MEGAPT100984","13_NIWOT_PIT1","13_NIWOT_PIT1_A1","A1",2014-08-19,2014-08-19,"13_NIWOT_PIT1_ARCHIVE_0-14_A1","NEON",0,14,NA,3600.1,"20201217T043023Z","RELEASE-2021"
"e755e0d9-9a9e-4cd0-8c1b-7243e55fe51f","D13","NIWO","MEGAPT100984","13_NIWOT_PIT1","13_NIWOT_PIT1_2C/CR","2C/Cr",2014-08-19,2014-08-19,"13_NIWOT_PIT1_ARCHIVE_110-200_2C/CR","NEON",110,200,NA,3609,"20201217T043023Z","RELEASE-2021"
"f9d68224-e5fd-4fc4-945e-23777c7d8938","D13","NIWO","MEGAPT100984","13_NIWOT_PIT1","13_NIWOT_PIT1_2C","2C",2014-08-19,2014-08-19,"13_NIWOT_PIT1_ARCHIVE_79-110_2C","NEON",79,110,NA,3630.6,"20201217T043023Z","RELEASE-2021"
"d86f9377-a1bc-43a8-9586-9850301fec30","D14","JORN","MEGAPT100976","14_JORNADA_PIT1","14_JORNADA_PIT1_A","A",2013-03-05,2013-03-05,"14_JORNADA_PIT1_0-18_ARCHIVE_A","NEON",0,18,NA,1201.8,"20201217T033413Z","RELEASE-2021"
"ab05cb26-15b1-4dd3-bae2-3fcf2db63dad","D14","JORN","MEGAPT100976","14_JORNADA_PIT1","14_JORNADA_PIT1_BW","Bw",2013-03-05,2013-03-05,"14_JORNADA_PIT1_18-46_ARCHIVE_BW","NEON",18,46,NA,1202.1,"20201217T033413Z","RELEASE-2021"
"792685d7-ec54-4004-8c20-59631db95d0a","D14","JORN","MEGAPT100976","14_JORNADA_PIT1","14_JORNADA_PIT1_2BKKM","2Bkkm",2013-03-05,2013-03-05,"14_JORNADA_PIT1_78-110_ARCHIVE_BKKM","NEON",78,110,NA,1202.4,"20201217T033413Z","RELEASE-2021"
"9113d725-8db7-4ed9-988b-173c79b65719","D14","JORN","MEGAPT100976","14_JORNADA_PIT1","14_JORNADA_PIT1_2BKK2","2Bkk2",2013-03-05,2013-03-05,"14_JORNADA_PIT1_173-200_ARCHIVE_BKK2","NEON",173,200,NA,1202.1,"20201217T033413Z","RELEASE-2021"
"ea643c38-4fcc-491e-a02f-945c56827e98","D14","JORN","MEGAPT100976","14_JORNADA_PIT1","14_JORNADA_PIT1_2BK","2Bk",2013-03-05,2013-03-05,"14_JORNADA_PIT1_46-78_ARCHIVE_BK","NEON",46,78,NA,1202.2,"20201217T033413Z","RELEASE-2021"
"3b9c2d87-311b-4a68-97f5-322fc1d0640d","D14","JORN","MEGAPT100976","14_JORNADA_PIT1","14_JORNADA_PIT1_2BKK1","2Bkk1",2013-03-05,2013-03-05,"14_JORNADA_PIT1_110-173_ARCHIVE_BKK1","NEON",110,173,NA,1201.5,"20201217T033413Z","RELEASE-2021"
"28b3d6eb-3ff7-4fb9-88cb-fbbded82ac59","D14","SRER","MEGAPT100995","D14_SRER_PIT1","D14_SRER_PIT1_BW","Bw",2013-11-04,2013-11-04,"D14_SRER_PIT1_ARCHIVE_5-41-BW","NEON",5,41,NA,3600.4,"20201217T032302Z","RELEASE-2021"
"d5c4c917-6716-4fa6-bf29-d605df6df515","D14","SRER","MEGAPT100995","D14_SRER_PIT1","D14_SRER_PIT1_A","A",2013-11-04,2013-11-04,"D14_SRER_PIT1_ARCHIVE_0-5_A","NEON",0,5,"Top horizon of pit was a bit disturbed so the sample was taken 10m from the pit at a location that NRCS chose.",3600.6,"20201217T032302Z","RELEASE-2021"
"3f57a80f-e1a7-42a6-bb9d-9eaeeef7735b","D14","SRER","MEGAPT100995","D14_SRER_PIT1","D14_SRER_PIT1_2BK","2Bk",2013-11-04,2013-11-04,"D14_SRER_PIT1_ARCHIVE_132-203_2BK","NEON",132,203,NA,3600.2,"20201217T032302Z","RELEASE-2021"
"2d2b21e2-1449-497a-a4e5-a39e066f723d","D14","SRER","MEGAPT100995","D14_SRER_PIT1","D14_SRER_PIT1_BK1","Bk1",2013-11-04,2013-11-04,"D14_SRER_PIT1_ARCHIVE_41-79_BK1","NEON",41,79,NA,3600.5,"20201217T032302Z","RELEASE-2021"
"631a7240-5df2-418a-92a6-dc92421381a4","D14","SRER","MEGAPT100995","D14_SRER_PIT1","D14_SRER_PIT1_BK2","Bk2",2013-11-04,2013-11-04,"D14_SRER_PIT1_ARCHIVE_79-132-BK2","NEON",79,132,NA,3600.4,"20201217T032302Z","RELEASE-2021"
"6fa5215b-9783-4a25-b18d-c65ad63228e1","D15","ONAQ","MEGAPT100987","15_ONAQUI_PIT1","15_ONAQUI_PIT1_2BKM","2Bkm",2014-06-02,2014-06-02,"15_ONAQUI_PIT1_ARCHIVE_178-196_2BKM","NEON",178,196,NA,3614,"20201217T033928Z","RELEASE-2021"
"e8c2a838-a0d4-4ef8-ac8d-3ca88a6b2046","D15","ONAQ","MEGAPT100987","15_ONAQUI_PIT1","15_ONAQUI_PIT1_BK","Bk",2014-06-02,2014-06-02,"15_ONAQUI_PIT1_ARCHIVE_66-156_CBK","NEON",66,156,NA,3610,"20201217T033928Z","RELEASE-2021"
"28fdbf54-bd17-417f-9807-083b0e468a0a","D15","ONAQ","MEGAPT100987","15_ONAQUI_PIT1","15_ONAQUI_PIT1_2CBK2","2CBk2",2014-06-02,2014-06-02,"15_ONAQUI_PIT1_ARCHIVE_165-178_2CBK3","NEON",165,178,NA,3602.8,"20201217T033928Z","RELEASE-2021"
"da650004-340d-425f-915e-1da0f97c7a8b","D15","ONAQ","MEGAPT100987","15_ONAQUI_PIT1","15_ONAQUI_PIT1_A2","A2",2014-06-02,2014-06-02,"15_ONAQUI_PIT1_ARCHIVE_4-12_A2","NEON",4,12,NA,3604.4,"20201217T033928Z","RELEASE-2021"
"100caa42-14a2-4549-8c9b-3672d8696606","D15","ONAQ","MEGAPT100987","15_ONAQUI_PIT1","15_ONAQUI_PIT1_3CBK3","3CBk3",2014-06-02,2014-06-02,"15_ONAQUI_PIT1_ARCHIVE_196-200_3CBK","NEON",196,200,NA,3611.6,"20201217T033928Z","RELEASE-2021"
"c00aac28-819d-415f-a92f-39441ee01242","D15","ONAQ","MEGAPT100987","15_ONAQUI_PIT1","15_ONAQUI_PIT1_BW","Bw",2014-06-02,2014-06-02,"15_ONAQUI_PIT1_ARCHIVE_12-66_BW","NEON",12,66,NA,3590.9,"20201217T033928Z","RELEASE-2021"
"1c509fa3-e60a-4785-8898-c0270398c511","D15","ONAQ","MEGAPT100987","15_ONAQUI_PIT1","15_ONAQUI_PIT1_A1","A1",2014-06-02,2014-06-02,"15_ONAQUI_PIT1_ARCHIVE_0-4_A1","NEON",0,4,NA,3602.5,"20201217T033928Z","RELEASE-2021"
"94b0f82f-ad97-49ac-9514-ccd13dad58f4","D15","ONAQ","MEGAPT100987","15_ONAQUI_PIT1","15_ONAQUI_PIT1_2CBK1","2CBk1",2014-06-02,2014-06-02,"15_ONAQUI_PIT1_ARCHIVE_156-165_CBK2","NEON",156,165,NA,3602.2,"20201217T033928Z","RELEASE-2021"
"0f8e6335-64fd-482c-a77c-eaf6c54a9206","D16","ABBY","MEGAPT102179","D16_ABBY_PIT1","16_ABBY_PIT1_A","A",2015-06-01,2015-06-01,"D16_ABBY_PIT1_ARCHIVE_3-19_A","NEON",3,19,NA,3600.9,"20201217T052720Z","RELEASE-2021"
"71e5120d-fdce-4cba-9e4f-ec45641b6a6a","D16","ABBY","MEGAPT102179","D16_ABBY_PIT1","16_ABBY_PIT1_2C","2C",2015-06-01,2015-06-01,"D16_ABBY_PIT1_ARCHIVE_131-200_2C","NEON",131,200,NA,3601.2,"20201217T052720Z","RELEASE-2021"
"b56e345f-845e-46e5-aae4-8cd3c8cbf621","D16","ABBY","MEGAPT102179","D16_ABBY_PIT1","16_ABBY_PIT1_BW1","Bw1",2015-06-01,2015-06-01,"D16_ABBY_PIT1_ARCHIVE_44-74_BW1","NEON",44,74,NA,3600.4,"20201217T052720Z","RELEASE-2021"
"d31aa8a1-905c-4092-9885-ac4060768e47","D16","ABBY","MEGAPT102179","D16_ABBY_PIT1","16_ABBY_PIT1_OI","Oi",2015-06-01,2015-06-01,"D16_ABBY_PIT1_ARCHIVE_0-3_OI","NEON",0,3,NA,3600.4,"20201217T052720Z","RELEASE-2021"
"c1dd6d7a-5304-4690-a520-a2a953cc8672","D16","ABBY","MEGAPT102179","D16_ABBY_PIT1","16_ABBY_PIT1_2BW2","2Bw2",2015-06-01,2015-06-01,"D16_ABBY_PIT1_ARCHIVE_74-103_2BW2","NEON",74,103,NA,3600.7,"20201217T052720Z","RELEASE-2021"
"de838c5c-6c09-4266-a7eb-7c79d24c6d48","D16","ABBY","MEGAPT102179","D16_ABBY_PIT1","16_ABBY_PIT1_2BC","2BC",2015-06-01,2015-06-01,"D16_ABBY_PIT1_ARCHIVE_103-131_2BC","NEON",103,131,NA,3601.1,"20201217T052720Z","RELEASE-2021"
"e33cf672-6b87-41fb-9fa8-84e0132ce925","D16","ABBY","MEGAPT102179","D16_ABBY_PIT1","16_ABBY_PIT1_AB","AB",2015-06-01,2015-06-01,"D16_ABBY_PIT1_ARCHIVE_19-44_AB","NEON",19,44,NA,3600.3,"20201217T052720Z","RELEASE-2021"
"bf4e4516-78e5-4d5f-963f-2a35f7f9cfa2","D16","WREF","MEGAPT112745","D16_WREF_PIT1","16_WREF_PIT1_3AB","3AB",2017-09-26,2017-09-26,"D16_WREF_PIT1_ARCHIVE_162-178_3AB","NEON",162,178,NA,2909.5,"20201217T225924Z","RELEASE-2021"
"9fce1538-1573-4c94-bc2b-4f4cb8d60ddc","D16","WREF","MEGAPT112745","D16_WREF_PIT1","16_WREF_PIT1_2C1","2C1",2017-09-26,2017-09-26,"D16_WREF_PIT1_ARCHIVE_94-136_2C1","NEON",94,136,NA,2636.6,"20201217T225924Z","RELEASE-2021"
"3fee8f44-7b0c-4d09-afb8-af353019b1db","D16","WREF","MEGAPT112745","D16_WREF_PIT1","16_WREF_PIT1_AC","Ac",2017-09-26,2017-09-26,NA,NA,NA,NA,NA,NA,"20201217T225924Z","RELEASE-2021"
"7fb1e58e-34e3-45b2-9aa3-c0795927b499","D16","WREF","MEGAPT112745","D16_WREF_PIT1","16_WREF_PIT1_AC","Ac",2017-09-26,2017-09-26,NA,NA,NA,NA,NA,NA,"20201217T225924Z","RELEASE-2021"
"0fb268c4-b515-4036-bdd6-9902e49ff160","D16","WREF","MEGAPT112745","D16_WREF_PIT1","16_WREF_PIT1_OA","Oa",2017-09-26,2017-09-26,"D16_WREF_PIT1_ARCHIVE_3-9_OA","NEON",3,9,NA,2083.7,"20201217T225924Z","RELEASE-2021"
"870b8af4-f61f-4c6d-a335-0e6f132bb557","D16","WREF","MEGAPT112745","D16_WREF_PIT1","16_WREF_PIT1_OI","Oi",2017-09-26,2017-09-26,"D16_WREF_PIT1_ARCHIVE_0-3_OI","NEON",0,3,NA,1723.1,"20201217T225924Z","RELEASE-2021"
"197f02bd-d1f9-4cc8-b7b0-9bd1c90eeff9","D16","WREF","MEGAPT112745","D16_WREF_PIT1","16_WREF_PIT1_3CG","3Cg",2017-09-26,2017-09-26,"D16_WREF_PIT1_ARCHIVE_178-200_3CG","NEON",178,200,NA,2757.5,"20201217T225924Z","RELEASE-2021"
"08ace352-99c8-49cd-9a70-90c565b6174d","D16","WREF","MEGAPT112745","D16_WREF_PIT1","16_WREF_PIT1_AC","Ac",2017-09-26,2017-09-26,NA,NA,NA,NA,NA,NA,"20201217T225924Z","RELEASE-2021"
"5c8c16be-33f8-486f-b985-b30a34ceb90f","D16","WREF","MEGAPT112745","D16_WREF_PIT1","16_WREF_PIT1_AC","Ac",2017-09-26,2017-09-26,"D16_WREF_PIT1_ARCHIVE_9-50_AC","NEON",9,50,NA,3600.2,"20201217T225924Z","RELEASE-2021"
"56cb80ba-f48f-439c-9e04-94d44effd5ed","D16","WREF","MEGAPT112745","D16_WREF_PIT1","16_WREF_PIT1_2C2","2C2",2017-09-26,2017-09-26,"D16_WREF_PIT1_ARCHIVE_136-162_2C2","NEON",136,162,NA,2649,"20201217T225924Z","RELEASE-2021"
"352d7ce5-40d9-4c83-af92-8e8058e68e13","D16","WREF","MEGAPT112745","D16_WREF_PIT1","16_WREF_PIT1_BC","BC",2017-09-26,2017-09-26,"D16_WREF_PIT1_ARCHIVE_80-94_BC","NEON",80,94,NA,3081.2,"20201217T225924Z","RELEASE-2021"
"b5507d3d-92a3-4f18-a163-efd51f25a84c","D16","WREF","MEGAPT112745","D16_WREF_PIT1","16_WREF_PIT1_AC","Ac",2017-09-26,2017-09-26,NA,NA,NA,NA,NA,NA,"20201217T225924Z","RELEASE-2021"
"3e8c3866-20b3-4389-9ebf-004c2c726f75","D16","WREF","MEGAPT112745","D16_WREF_PIT1","16_WREF_PIT1_BW","Bw",2017-09-26,2017-09-26,"D16_WREF_PIT1_ARCHIVE_50-80_BW","NEON",50,80,NA,3116.9,"20201217T225924Z","RELEASE-2021"
"aed34876-be3b-4b06-a3fb-f4b1145624a9","D17","SJER","MEGAPT100994","D17_SJER_PIT1","D17_SJER_PIT1_CR","Cr",2016-11-15,2016-11-15,"D17_SJER_PIT1_ARCHIVE_129-170_CR","NEON",129,170,NA,3600.4,"20201217T173509Z","RELEASE-2021"
"ee962cb6-d72c-4100-8b9b-060c91f6d69d","D17","SJER","MEGAPT100994","D17_SJER_PIT1","D17_SJER_PIT1_C","C",2016-11-15,2016-11-15,"D17_SJER_PIT1_ARCHIVE_81-129_C","NEON",81,129,NA,3600.3,"20201217T173509Z","RELEASE-2021"
"887b2a96-0c8d-4322-9cae-8d4b29c4e6e9","D17","SJER","MEGAPT100994","D17_SJER_PIT1","D17_SJER_PIT1_BW","Bw",2016-11-15,2016-11-15,"D17_SJER_PIT1_ARCHIVE_57-81_BW","NEON",57,81,NA,3600.5,"20201217T173509Z","RELEASE-2021"
"93af88b1-9791-4f16-a6b1-f29f8bf785d7","D17","SJER","MEGAPT100994","D17_SJER_PIT1","D17_SJER_PIT1_BA","BA",2016-11-15,2016-11-15,"D17_SJER_PIT1_ARCHIVE_34-57_BA","NEON",34,57,NA,3600.3,"20201217T173509Z","RELEASE-2021"
"dfc3bb1e-a744-4120-8e86-c09a9a80a1c7","D17","SJER","MEGAPT100994","D17_SJER_PIT1","D17_SJER_PIT1_A2","A2",2016-11-15,2016-11-15,"D17_SJER_PIT1_ARCHIVE_8-34_A2","NEON",8,34,NA,3600.3,"20201217T173509Z","RELEASE-2021"
"22dbea4f-e54a-40f0-a7ab-9bf3d5029944","D17","SJER","MEGAPT100994","D17_SJER_PIT1","D17_SJER_PIT1_R","R",2016-11-15,2016-11-15,"D17_SJER_PIT1_ARCHIVE_180-185_R","NEON",180,185,NA,1986.2,"20201217T173509Z","RELEASE-2021"
"7f683a2b-e5a5-4df3-843c-d6dd7d8c08c9","D17","SJER","MEGAPT100994","D17_SJER_PIT1","D17_SJER_PIT1_A1","A1",2016-11-15,2016-11-15,"D17_SJER_PIT1_ARCHIVE_0-8_A1","NEON",0,8,NA,3600.3,"20201217T173509Z","RELEASE-2021"
"46e1a80d-8de5-4043-996b-b6a8e1885014","D17","SOAP","MEGAPT111415","D17_SOAP_PIT1","17_SOAP_PIT1_2BT","2Bt3",2016-08-15,2016-08-15,"D17_SOAP_PIT1_ARCHIVE_136-213_2BT","NEON",136,213,NA,3600.6,"20201217T152845Z","RELEASE-2021"
"10eb20d2-5851-4e2e-aff3-b548b159a5a9","D17","SOAP","MEGAPT111415","D17_SOAP_PIT1","17_SOAP_PIT1_BT1","AB",2016-08-15,2016-08-15,"D17_SOAP_PIT1_ARCHIVE_32-52_BT1","NEON",32,52,NA,3600.4,"20201217T152845Z","RELEASE-2021"
"d06f5127-73ab-4358-9046-e5cf0ac07881","D17","SOAP","MEGAPT111415","D17_SOAP_PIT1","17_SOAP_PIT1_2C","2C",2016-08-15,2016-08-15,NA,NA,NA,NA,NA,NA,"20201217T152845Z","RELEASE-2021"
"f75bd3c8-921d-471c-9162-f94505bffc44","D17","SOAP","MEGAPT111415","D17_SOAP_PIT1","17_SOAP_PIT1_BT2","Bt1",2016-08-15,2016-08-15,"D17_SOAP_PIT1_ARCHIVE_52-91_BT2","NEON",52,91,NA,3600,"20201217T152845Z","RELEASE-2021"
"20bb0bd2-e1d7-4771-a67d-30378637b2e1","D17","SOAP","MEGAPT111415","D17_SOAP_PIT1","17_SOAP_PIT1_OI/OE","Oi",2016-08-15,2016-08-15,"D17_SOAP_PIT1_ARCHIVE_0-4_OI/OE","NEON",0,4,NA,2108.1,"20201217T152845Z","RELEASE-2021"
"dbf308ac-61e6-4e6c-8ee5-fa41a250d882","D17","SOAP","MEGAPT111415","D17_SOAP_PIT1","17_SOAP_PIT1_BT3","Bt2",2016-08-15,2016-08-15,"D17_SOAP_PIT1_ARCHIVE_91-136_BT3","NEON",91,136,NA,3600.8,"20201217T152845Z","RELEASE-2021"
"9d2ca06d-5953-4d68-bd9b-ce23fe701a9d","D17","SOAP","MEGAPT111415","D17_SOAP_PIT1","17_SOAP_PIT1_A2","A2",2016-08-15,2016-08-15,"D17_SOAP_PIT1_ARCHIVE_18-32_A2","NEON",18,32,NA,3600.2,"20201217T152845Z","RELEASE-2021"
"14b0c0bd-2cd4-437c-9e22-de146ef6ede8","D17","SOAP","MEGAPT111415","D17_SOAP_PIT1","17_SOAP_PIT1_A1","A1",2016-08-15,2016-08-15,"D17_SOAP_PIT1_ARCHIVE_4-18_A1","NEON",4,18,NA,3600,"20201217T152845Z","RELEASE-2021"
"3121d73e-8f93-49d9-9371-821c4e42e4f7","D17","TEAK","MEGAPT112298","D17_TEAK_PIT1","17_TEAK_PIT1_A","A1",2016-08-09,2016-08-09,NA,NA,NA,NA,NA,NA,"20201217T162251Z","RELEASE-2021"
"85bb54a9-8492-4b14-9236-859ad6fca898","D17","TEAK","MEGAPT112298","D17_TEAK_PIT1","17_TEAK_PIT1_3C7","3C4",2016-08-09,2016-08-09,"D17_TEAK_PIT1_ARCHIVE_185-205_3C7","NEON",185,205,NA,3600.6,"20201217T162251Z","RELEASE-2021"
"d45fadc2-c5f8-4bf0-b4cf-a8f4906a2c23","D17","TEAK","MEGAPT112298","D17_TEAK_PIT1","17_TEAK_PIT1_C2","A3",2016-08-09,2016-08-09,"D17_TEAK_PIT1_ARCHIVE_67-101_C2","NEON",67,101,NA,3600.6,"20201217T162251Z","RELEASE-2021"
"5a5ea211-39ec-448b-b71f-6244d04630ce","D17","TEAK","MEGAPT112298","D17_TEAK_PIT1","17_TEAK_PIT1_2C4","2C1",2016-08-09,2016-08-09,"D17_TEAK_PIT1_ARCHIVE_132-162_2C4","NEON",132,162,NA,3600.4,"20201217T162251Z","RELEASE-2021"
"c8d6d629-e1f8-4ac0-a735-acd36ecd40bc","D17","TEAK","MEGAPT112298","D17_TEAK_PIT1","17_TEAK_PIT1_C1","A2",2016-08-09,2016-08-09,"D17_TEAK_PIT1_ARCHIVE_19-43_C1(19-43INCREMENT)","NEON",19,43,NA,3600.7,"20201217T162251Z","RELEASE-2021"
"9b0da67d-4aad-489b-8685-a877b7df24e5","D17","TEAK","MEGAPT112298","D17_TEAK_PIT1","17_TEAK_PIT1_2C3","2AC",2016-08-09,2016-08-09,"D17_TEAK_PIT1_ARCHIVE_101-132_2C3","NEON",101,132,NA,3600.3,"20201217T162251Z","RELEASE-2021"
"69f6befb-a840-4944-ba23-f614035a1131","D17","TEAK","MEGAPT112298","D17_TEAK_PIT1","17_TEAK_PIT1_3C6","3C3",2016-08-09,2016-08-09,"D17_TEAK_PIT1_ARCHIVE_174-185_3C6","NEON",174,185,NA,3600.3,"20201217T162251Z","RELEASE-2021"
"8903e127-9a38-435a-8950-1338a30dcb1e","D17","TEAK","MEGAPT112298","D17_TEAK_PIT1","17_TEAK_PIT1_3CR","R",2016-08-09,2016-08-09,NA,NA,NA,NA,NA,NA,"20201217T162251Z","RELEASE-2021"
"62fb2c90-c37b-4860-b558-ca3343d4d524","D17","TEAK","MEGAPT112298","D17_TEAK_PIT1","17_TEAK_PIT1_A","A1",2016-08-09,2016-08-09,NA,NA,NA,NA,NA,NA,"20201217T162251Z","RELEASE-2021"
"f1e7c656-f6e1-4f08-8748-203969067d33","D17","TEAK","MEGAPT112298","D17_TEAK_PIT1","17_TEAK_PIT1_A","A1",2016-08-09,2016-08-09,NA,NA,NA,NA,NA,NA,"20201217T162251Z","RELEASE-2021"
"abf35b69-6379-406c-8906-92d9141c47b3","D17","TEAK","MEGAPT112298","D17_TEAK_PIT1","17_TEAK_PIT1_A","A1",2016-08-09,2016-08-09,"D17_TEAK_PIT1_ARCHIVE_0-19_A","NEON",0,19,NA,3600.5,"20201217T162251Z","RELEASE-2021"
"621d5f67-90f7-4832-b2d6-49bdbe643a9c","D17","TEAK","MEGAPT112298","D17_TEAK_PIT1","17_TEAK_PIT1_C1","A2",2016-08-09,2016-08-09,"D17_TEAK_PIT1_ARCHIVE_43-67_C1(43-67INCREMENT)","NEON",43,67,NA,3601.5,"20201217T162251Z","RELEASE-2021"
"c9e97599-ebd6-4d9d-8e74-02266db17304","D17","TEAK","MEGAPT112298","D17_TEAK_PIT1","17_TEAK_PIT1_A","A1",2016-08-09,2016-08-09,NA,NA,NA,NA,NA,NA,"20201217T162251Z","RELEASE-2021"
"6695844b-180c-4026-9f9a-3c95fa34950c","D17","TEAK","MEGAPT112298","D17_TEAK_PIT1","17_TEAK_PIT1_3C5","3C2",2016-08-09,2016-08-09,"D17_TEAK_PIT1_ARCHIVE_162-174_3C5","NEON",162,174,NA,3600.3,"20201217T162251Z","RELEASE-2021"
"59265852-16a1-4561-aeac-b3b021d681bc","D18","BARR","MEGAPT100964","D18_BARR_PIT1","D18_BARR_PIT1_OAJJF1/CGJJF1","Oaf/Cgjjf",2016-05-14,2016-05-14,"D18_BARR_PIT1_ARCHIVE_58-110_OAJJF1/CGJJF1","NEON",58,110,NA,3600,"20201217T145323Z","RELEASE-2021"
"1b9859f6-65a7-4281-a1a8-ea9aa752747e","D18","BARR","MEGAPT100964","D18_BARR_PIT1","D18_BARR_PIT1_CGJJF2/OAJJF2","Cgjff/Oajjf",2016-05-14,2016-05-14,"D18_BARR_PIT1_ARCHIVE_110-180_CGJJF2/OAJJF2","NEON",110,180,NA,3600.3,"20201217T145323Z","RELEASE-2021"
"5d434e57-5f57-41b4-a24e-80eeb64a1c56","D18","BARR","MEGAPT100964","D18_BARR_PIT1","D18_BARR_PIT1_WF","Wf",2016-05-14,2016-05-14,NA,NA,NA,NA,NA,NA,"20201217T145323Z","RELEASE-2021"
"522fd8a5-f4c0-4cc6-88d5-9fbffde21512","D18","BARR","MEGAPT100964","D18_BARR_PIT1","D18_BARR_PIT1_OA","Oa",2016-05-14,2016-05-14,"D18_BARR_PIT1_ARCHIVE_7-32_OA","NEON",7,32,NA,1220.2,"20201217T145323Z","RELEASE-2021"
"c1af973a-066a-40a4-89ec-9b0637358979","D18","BARR","MEGAPT100964","D18_BARR_PIT1","D18_BARR_PIT1_OE","Oe",2016-05-14,2016-05-14,"D18_BARR_PIT1_ARCHIVE_0-7_OE","NEON",0,7,NA,21.8,"20201217T145323Z","RELEASE-2021"
"bd7e1c07-dd55-4720-9cd3-64dd0f635c49","D18","BARR","MEGAPT100964","D18_BARR_PIT1","D18_BARR_PIT1_CGJJ/OAJJ","Cgjj/Oajj",2016-05-14,2016-05-14,"D18_BARR_PIT1_ARCHIVE_32-45_CGJJ/OAJJ","NEON",32,45,NA,1064.3,"20201217T145323Z","RELEASE-2021"
"39061d0c-d958-46b1-9c40-8f4ff29e9d16","D18","TOOL","MEGAPT106787","D18_TOOL_PIT1","D18_TOOL_PIT1_CG","Cg",2016-04-20,2016-04-20,"D18_TOOL_PIT1_ARCHIVE_45-73_CG","NEON",45,73,NA,2317.5,"20201217T164542Z","RELEASE-2021"
"3674253b-5b88-44cb-807e-b6dc3d307ce6","D18","TOOL","MEGAPT106787","D18_TOOL_PIT1","D18_TOOL_PIT1_OE","Oe",2016-04-20,2016-04-20,"D18_TOOL_PIT1_ARCHIVE_6-17_OE","NEON",6,17,NA,24,"20201217T164542Z","RELEASE-2021"
"39d0d4b8-2f3c-4a65-9fc8-15f66fd07c78","D18","TOOL","MEGAPT106787","D18_TOOL_PIT1","D18_TOOL_PIT1_OI","Oi",2016-04-20,2016-04-20,NA,NA,NA,NA,NA,NA,"20201217T164542Z","RELEASE-2021"
"1c1026b3-100c-4708-b545-1546cf89f9c1","D18","TOOL","MEGAPT106787","D18_TOOL_PIT1","D18_TOOL_PIT1_OA","Oa",2016-04-20,2016-04-20,"D18_TOOL_PIT1_ARCHIVE_17-21_OA","NEON",17,21,NA,26.6,"20201217T164542Z","RELEASE-2021"
"df1996b8-dd8b-497b-8912-ce3e74b7c17d","D18","TOOL","MEGAPT106787","D18_TOOL_PIT1","D18_TOOL_PIT1_BG","Bg",2016-04-20,2016-04-20,"D18_TOOL_PIT1_ARCHIVE_21-45_BG","NEON",21,45,NA,3154.4,"20201217T164542Z","RELEASE-2021"
"89d4e80d-c61b-4c13-a24f-4780f0d8b7dd","D19","BONA","MEGAPT112075","D19_BONA_PIT1","D19_BONA_PIT1_CGF1","Cgf1",2017-03-20,2017-03-20,"D19_BONA_PIT1_ARCHIVE_56-88_CGF1","NEON",56,88,NA,3600.3,"20201217T225450Z","RELEASE-2021"
"fefc4fdc-8179-42f4-a924-f82c9e464587","D19","BONA","MEGAPT112075","D19_BONA_PIT1","D19_BONA_PIT1_OA","Oa",2017-03-20,2017-03-20,NA,NA,NA,NA,NA,NA,"20201217T225450Z","RELEASE-2021"
"63897a5a-b1cd-4c68-b060-3930cb8d6da5","D19","BONA","MEGAPT112075","D19_BONA_PIT1","D19_BONA_PIT1_OE","Oe",2017-03-20,2017-03-20,NA,NA,NA,NA,NA,NA,"20201217T225450Z","RELEASE-2021"
"44d1d769-5d83-413f-928d-cf4ae1badde9","D19","BONA","MEGAPT112075","D19_BONA_PIT1","D19_BONA_PIT1_CGF2","Cgf2",2017-03-20,2017-03-20,"D19_BONA_PIT1_ARCHIVE_88-131_CGF2","NEON",88,131,NA,3600.4,"20201217T225450Z","RELEASE-2021"
"811351e2-e764-475f-9f32-f4b3c4c15716","D19","BONA","MEGAPT112075","D19_BONA_PIT1","D19_BONA_PIT1_CGF3","Cgf3",2017-03-20,2017-03-20,"D19_BONA_PIT1_ARCHIVE_131-193_CGF3","NEON",131,193,NA,3600.3,"20201217T225450Z","RELEASE-2021"
"c7f29ddd-9a1d-41cc-8a75-6b8569ec8168","D19","BONA","MEGAPT112075","D19_BONA_PIT1","D19_BONA_PIT1_CG","Cg",2017-03-20,2017-03-20,"D19_BONA_PIT1_ARCHIVE_38-56_CG","NEON",38,56,NA,3600.3,"20201217T225450Z","RELEASE-2021"
"85e438b1-6e1e-4c89-92db-c2c98c5ec48c","D19","BONA","MEGAPT112075","D19_BONA_PIT1","D19_BONA_PIT1_BG/OAJJ","Bg/Oajj",2017-03-20,2017-03-20,"D19_BONA_PIT1_ARCHIVE_22-38_BG/OAJJ","NEON",22,38,NA,1885,"20201217T225450Z","RELEASE-2021"
"0d7f14d8-3b29-49d6-8e95-95fc94b962d6","D19","DEJU","MEGAPT103797","D19_DEJU_PIT1","19_DEJU_PIT1_OE","Oe",2015-07-28,2015-07-28,"D19_DEJU_PIT1_ARCHIVE_0-5_OE","NEON",0,5,NA,3600.5,"20201217T053202Z","RELEASE-2021"
"ad2bcdf6-bdf9-45ff-b87d-4b6785d1dc84","D19","DEJU","MEGAPT103797","D19_DEJU_PIT1","19_DEJU_PIT1_BC","BC",2015-07-28,2015-07-28,"D19_DEJU_PIT1_ARCHIVE_30-72_BC","NEON",30,72,NA,3600.1,"20201217T053202Z","RELEASE-2021"
"36dd73e0-7d76-4063-b1c9-cafcecb466bc","D19","DEJU","MEGAPT103797","D19_DEJU_PIT1","19_DEJU_PIT1_2BC2","2BC2",2015-07-28,2015-07-28,"D19_DEJU_PIT1_ARCHIVE_210-300_2BC2","NEON",210,300,NA,3600.5,"20201217T053202Z","RELEASE-2021"
"35a4ad75-0cf0-4ae8-b7aa-a0eb40606ffc","D19","DEJU","MEGAPT103797","D19_DEJU_PIT1","19_DEJU_PIT1_BW","Bw",2015-07-28,2015-07-28,"D19_DEJU_PIT1_ARCHIVE_16-30_BW","NEON",16,30,NA,3600.5,"20201217T053202Z","RELEASE-2021"
"a0f6f22c-7b92-4f86-91a9-142f82037de1","D19","DEJU","MEGAPT103797","D19_DEJU_PIT1","19_DEJU_PIT1_C","C",2015-07-28,2015-07-28,"D19_DEJU_PIT1_ARCHIVE_72-125_C","NEON",72,125,NA,3600.1,"20201217T053202Z","RELEASE-2021"
"f6e65992-c62a-40e0-9ea1-3bfb82cd2194","D19","DEJU","MEGAPT103797","D19_DEJU_PIT1","19_DEJU_PIT1_2BC1","2BC1",2015-07-28,2015-07-28,"D19_DEJU_PIT1_ARCHIVE_125-210_2BC1","NEON",125,210,NA,3600.9,"20201217T053202Z","RELEASE-2021"
"a86c2712-5faf-47f9-8f05-1637334e74bc","D19","DEJU","MEGAPT103797","D19_DEJU_PIT1","19_DEJU_PIT1_A","A",2015-07-28,2015-07-28,"D19_DEJU_PIT1_ARCHIVE_5-16_A","NEON",5,16,NA,3601.3,"20201217T053202Z","RELEASE-2021"
"c89a42fb-961f-4813-a06d-533f16e615e5","D19","HEAL","MEGAPT100974","D19_HEAL_PIT1","D19_HEAL_PIT1_OI","Oi",2015-11-04,2015-11-04,NA,NA,NA,NA,NA,NA,"20201217T054241Z","RELEASE-2021"
"e1dd0a5b-1c8c-426e-8703-2daa03c99355","D19","HEAL","MEGAPT100974","D19_HEAL_PIT1","D19_HEAL_PIT1_A/CJJ","A/Cjj",2015-11-04,2015-11-04,"D19_HEAL_PIT1_ARCHIVE_31-50_A/CJJ","NEON",31,50,NA,3600.4,"20201217T054241Z","RELEASE-2021"
"4ad8265b-d143-4251-afac-53addd854f08","D19","HEAL","MEGAPT100974","D19_HEAL_PIT1","D19_HEAL_PIT1_CJJF","Cjjf",2015-11-04,2015-11-04,"D19_HEAL_PIT1_ARCHIVE_50-84_CFJJ","NEON",50,84,NA,3600.6,"20201217T054241Z","RELEASE-2021"
"47924dea-a7bd-47d2-a818-db5e201b8d16","D19","HEAL","MEGAPT100974","D19_HEAL_PIT1","D19_HEAL_PIT1_OE","Oe",2015-11-04,2015-11-04,NA,NA,NA,NA,NA,NA,"20201217T054241Z","RELEASE-2021"
"3223972d-a528-40a7-8691-dd2a104d098c","D19","HEAL","MEGAPT100974","D19_HEAL_PIT1","D19_HEAL_PIT1_OA","Oa",2015-11-04,2015-11-04,"D19_HEAL_PIT1_ARCHIVE_22-31_OA","NEON",22,31,NA,3600.9,"20201217T054241Z","RELEASE-2021"
"f28acccf-4bfb-43aa-bd5e-2c3cd9a5ebfb","D20","PUUM","MEGAPT113656","D20_PUUM_PIT1","D20_PUUM_PIT1_2BW1","2Bw1",2018-06-25,2018-06-25,"D20_PUUM_PIT1_ARCHIVE_17-59_BW1","NEON",17,59,NA,3354.3,"20201218T041158Z","RELEASE-2021"
"e781e51f-3990-4b31-9671-2a4d308c6c57","D20","PUUM","MEGAPT113656","D20_PUUM_PIT1","D20_PUUM_PIT1_3C","3C",2018-06-25,2018-06-25,NA,NA,NA,NA,"Horizon below 90 cm initially classified as R so no sample collected",NA,"20201218T041158Z","RELEASE-2021"
"4707adaf-ba92-493b-a601-3e6797626d4a","D20","PUUM","MEGAPT113656","D20_PUUM_PIT1","D20_PUUM_PIT1_OE","Oe",2018-06-25,2018-06-25,NA,NA,NA,NA,"Field profile description included a single horizon from 0-17 cm so seperate samples not collected from 0-2 and 2-17 cm horizons",NA,"20201218T041158Z","RELEASE-2021"
"cfe804da-253c-469c-914c-673f3a3a8110","D20","PUUM","MEGAPT113656","D20_PUUM_PIT1","D20_PUUM_PIT1_A","A",2018-06-25,2018-06-25,"D20_PUUM_PIT1_ARCHIVE_0-17_O","NEON",0,17,"Field profile description included a single horizon from 0-17 cm so seperate samples not collected from 0-2 and 2-17 cm horizons",3695.7,"20201218T041158Z","RELEASE-2021"
"d174da5e-69f6-4a38-931b-0ecdd8b41307","D20","PUUM","MEGAPT113656","D20_PUUM_PIT1","D20_PUUM_PIT1_2BW2","2Bw2",2018-06-25,2018-06-25,"D20_PUUM_PIT1_ARCHIVE_59-90_2BW2","NEON",59,90,NA,2262.9,"20201218T041158Z","RELEASE-2021"
