"uid","domainID","siteID","pitNamedLocation","pitID","horizonID","horizonName","setDate","collectDate","horizonTopDepth","horizonBottomDepth","nrcsDescriptionID","remarks","publicationDate","release"
"f7b921de-1b70-4bc6-9448-3780f9bd0fc7","D01","BART","MEGAPT100963","1_BARTLETT_PIT1","1_BARTLETT_PIT1_BC","BC",2013-08-19,2013-08-19,40,73,"S2013NH003001",NA,"20201217T033307Z","RELEASE-2021"
"6ffc7d89-a5c9-4793-b58b-15525af9fcbc","D01","BART","MEGAPT100963","1_BARTLETT_PIT1","1_BARTLETT_PIT1_BW","Bw",2013-08-19,2013-08-19,22,40,"S2013NH003001",NA,"20201217T033307Z","RELEASE-2021"
"7d99e418-712b-44db-a799-15577a215af5","D01","BART","MEGAPT100963","1_BARTLETT_PIT1","1_BARTLETT_PIT1_C1","C1",2013-08-19,2013-08-19,73,140,"S2013NH003001",NA,"20201217T033307Z","RELEASE-2021"
"b5d060eb-3a84-4ed0-a125-053057c3b54a","D01","BART","MEGAPT100963","1_BARTLETT_PIT1","1_BARTLETT_PIT1_OE","Oe",2013-08-19,2013-08-19,0,3,"S2013NH003001",NA,"20201217T033307Z","RELEASE-2021"
"19a50c49-8a27-495a-b9a2-338a3137915b","D01","BART","MEGAPT100963","1_BARTLETT_PIT1","1_BARTLETT_PIT1_A","A",2013-08-19,2013-08-19,3,5,"S2013NH003001",NA,"20201217T033307Z","RELEASE-2021"
"dd6ac3e9-3309-49bd-9047-93a8860569a4","D01","BART","MEGAPT100963","1_BARTLETT_PIT1","1_BARTLETT_PIT1_BS2","Bs2",2013-08-19,2013-08-19,15,22,"S2013NH003001",NA,"20201217T033307Z","RELEASE-2021"
"1ca3eed9-af9e-4ddb-8125-470673a29671","D01","BART","MEGAPT100963","1_BARTLETT_PIT1","1_BARTLETT_PIT1_BS1","Bs1",2013-08-19,2013-08-19,9,15,"S2013NH003001",NA,"20201217T033307Z","RELEASE-2021"
"6f4987f1-1bca-4a8c-87a5-7fbbaac24b19","D01","BART","MEGAPT100963","1_BARTLETT_PIT1","1_BARTLETT_PIT1_E","E",2013-08-19,2013-08-19,5,9,"S2013NH003001",NA,"20201217T033307Z","RELEASE-2021"
"71ad4465-27b2-4168-a2e5-9dcb9708f11a","D01","BART","MEGAPT100963","1_BARTLETT_PIT1","1_BARTLETT_PIT1_C2","C2",2013-08-19,2013-08-19,140,200,"S2013NH003001",NA,"20201217T033307Z","RELEASE-2021"
"945f83ae-68be-4bd7-b28e-d6ba603f7ccd","D01","HARV","MEGAPT100973","1_HARVARD_PIT1","1_HARVARD_PIT1_AP","Ap",2012-07-17,2012-07-17,9,17,"S2012MA027001",NA,"20201216T230651Z","RELEASE-2021"
"d3e1eb29-aabb-4cc8-a8dc-d2870b794683","D01","HARV","MEGAPT100973","1_HARVARD_PIT1","1_HARVARD_PIT1_BW1","Bw1",2012-07-17,2012-07-17,32,53,"S2012MA027001",NA,"20201216T230651Z","RELEASE-2021"
"013079f4-538b-4d08-810e-dc962457982a","D01","HARV","MEGAPT100973","1_HARVARD_PIT1","1_HARVARD_PIT1_2BC","2BC",2012-07-17,2012-07-17,82,96,"S2012MA027001",NA,"20201216T230651Z","RELEASE-2021"
"77f000c4-f925-45e7-9965-5f6a6af82dde","D01","HARV","MEGAPT100973","1_HARVARD_PIT1","1_HARVARD_PIT1_2CD1","2Cd1",2012-07-17,2012-07-17,113,133,"S2012MA027001",NA,"20201216T230651Z","RELEASE-2021"
"84dacac4-5183-4df9-84f4-305ccf04117c","D01","HARV","MEGAPT100973","1_HARVARD_PIT1","1_HARVARD_PIT1_2CD2","2Cd2",2012-07-17,2012-07-17,133,160,"S2012MA027001",NA,"20201216T230651Z","RELEASE-2021"
"01514c9a-d223-4cbb-be90-bbea497d2f9d","D01","HARV","MEGAPT100973","1_HARVARD_PIT1","1_HARVARD_PIT1_OI","Oi",2012-07-17,2012-07-17,0,4,"S2012MA027001",NA,"20201216T230651Z","RELEASE-2021"
"4cf4414c-922f-49de-8ac6-52fdf1dca1d9","D01","HARV","MEGAPT100973","1_HARVARD_PIT1","1_HARVARD_PIT1_BW/E","Bw/E",2012-07-17,2012-07-17,17,32,"S2012MA027001",NA,"20201216T230651Z","RELEASE-2021"
"e1956239-0b40-465b-b8db-c51b0e66645c","D01","HARV","MEGAPT100973","1_HARVARD_PIT1","1_HARVARD_PIT1_BW2","Bw2",2012-07-17,2012-07-17,53,82,"S2012MA027001",NA,"20201216T230651Z","RELEASE-2021"
"6c982ed8-855a-4089-bb04-a49554add350","D01","HARV","MEGAPT100973","1_HARVARD_PIT1","1_HARVARD_PIT1_A","A",2012-07-17,2012-07-17,4,9,"S2012MA027001",NA,"20201216T230651Z","RELEASE-2021"
"dc4f1f6c-ceb4-4d24-b77a-331d61f48ea8","D01","HARV","MEGAPT100973","1_HARVARD_PIT1","1_HARVARD_PIT1_2C","2C",2012-07-17,2012-07-17,96,113,"S2012MA027001",NA,"20201216T230651Z","RELEASE-2021"
"26902cb5-56f9-40fb-ad6d-ba660fb11b6c","D02","BLAN","MEGAPT100965","2_BLANDY_PIT1","2_BLANDY_PIT1_O","O",2013-01-14,2013-01-14,0,2,"S13VA043001",NA,"20201217T021806Z","RELEASE-2021"
"a9d7ccb3-f1d7-45a0-8e5d-5f7a5af148a6","D02","BLAN","MEGAPT100965","2_BLANDY_PIT1","2_BLANDY_PIT1_AP2","Ap2",2013-01-14,2013-01-14,14,23,"S13VA043001",NA,"20201217T021806Z","RELEASE-2021"
"caaa8047-e5c9-4da8-99ed-d64ab503e15c","D02","BLAN","MEGAPT100965","2_BLANDY_PIT1","2_BLANDY_PIT1_C2","C2",2013-01-14,2013-01-14,128,206,"S13VA043001",NA,"20201217T021806Z","RELEASE-2021"
"9e36b188-86d0-4762-9e89-e4014b6c0da9","D02","BLAN","MEGAPT100965","2_BLANDY_PIT1","2_BLANDY_PIT1_AP1","Ap1",2013-01-14,2013-01-14,2,14,"S13VA043001",NA,"20201217T021806Z","RELEASE-2021"
"e25ae662-a928-4fd8-9537-1580d582edf8","D02","BLAN","MEGAPT100965","2_BLANDY_PIT1","2_BLANDY_PIT1_BT2","Bt2",2013-01-14,2013-01-14,51,84,"S13VA043001",NA,"20201217T021806Z","RELEASE-2021"
"39d28a6e-e17b-4177-90ee-a6ed73d5f8a3","D02","BLAN","MEGAPT100965","2_BLANDY_PIT1","2_BLANDY_PIT1_BT1","Bt1",2013-01-14,2013-01-14,23,51,"S13VA043001",NA,"20201217T021806Z","RELEASE-2021"
"7e5ac8a0-438f-4301-bef1-1560ebbf1c2e","D02","BLAN","MEGAPT100965","2_BLANDY_PIT1","2_BLANDY_PIT1_C1","C1",2013-01-14,2013-01-14,84,128,"S13VA043001",NA,"20201217T021806Z","RELEASE-2021"
"a65c0e61-f349-432b-9055-3c3729df96fd","D02","SCBI","MEGAPT100991","2_SCBI_PIT1","2_SCBI_PIT1_A","A",2013-05-13,2013-05-13,2,7,"S13VA-187-1-X-Lew",NA,"20201217T032359Z","RELEASE-2021"
"e8cff019-a310-4ffc-8831-21a9eff26180","D02","SCBI","MEGAPT100991","2_SCBI_PIT1","2_SCBI_PIT1_OI","Oi",2013-05-13,2013-05-13,0,2,"S13VA-187-1-X-Lew",NA,"20201217T032359Z","RELEASE-2021"
"e5cea5a7-bcaa-4a96-a4d3-d3fedc75159f","D02","SCBI","MEGAPT100991","2_SCBI_PIT1","2_SCBI_PIT1_BT1","Bt1",2013-05-13,2013-05-13,14,34,"S13VA-187-1-X-Lew",NA,"20201217T032359Z","RELEASE-2021"
"b38388f6-fd55-4b0b-a0ea-c42f4a60d50e","D02","SCBI","MEGAPT100991","2_SCBI_PIT1","2_SCBI_PIT1_2BC","2BC",2013-05-13,2013-05-13,179,209,"S13VA-187-1-X-Lew",NA,"20201217T032359Z","RELEASE-2021"
"f441f2ea-fa90-485b-b5ea-2131e0cdc810","D02","SCBI","MEGAPT100991","2_SCBI_PIT1","2_SCBI_PIT1_2BT5","2Bt5",2013-05-13,2013-05-13,146,179,"S13VA-187-1-X-Lew",NA,"20201217T032359Z","RELEASE-2021"
"5cb2d35e-35ca-4ebd-af60-0633deb1e2af","D02","SCBI","MEGAPT100991","2_SCBI_PIT1","2_SCBI_PIT1_BA","BA",2013-05-13,2013-05-13,7,14,"S13VA-187-1-X-Lew",NA,"20201217T032359Z","RELEASE-2021"
"13509951-cb2f-4aa6-b20d-1b3f5fa4c18a","D02","SCBI","MEGAPT100991","2_SCBI_PIT1","2_SCBI_PIT1_BT2","Bt2",2013-05-13,2013-05-13,34,59,"S13VA-187-1-X-Lew",NA,"20201217T032359Z","RELEASE-2021"
"a89145eb-cea1-4373-babc-f89cf71befb6","D02","SCBI","MEGAPT100991","2_SCBI_PIT1","2_SCBI_PIT1_2BT4","2Bt4",2013-05-13,2013-05-13,114,146,"S13VA-187-1-X-Lew",NA,"20201217T032359Z","RELEASE-2021"
"220992b3-c690-4c0d-bb1b-05f82f1d7507","D02","SCBI","MEGAPT100991","2_SCBI_PIT1","2_SCBI_PIT1_2CR","2Cr",2013-05-13,2013-05-13,209,247,"S13VA-187-1-X-Lew",NA,"20201217T032359Z","RELEASE-2021"
"70157311-8955-4dba-8038-ff3853f0df72","D02","SCBI","MEGAPT100991","2_SCBI_PIT1","2_SCBI_PIT1_BT3","Bt3",2013-05-13,2013-05-13,59,114,"S13VA-187-1-X-Lew",NA,"20201217T032359Z","RELEASE-2021"
"c383270d-ba30-4bb9-a3b3-6850b273b9ad","D02","SERC","MEGAPT100992","2_SERC_PIT1","2_SERC_PIT1_BTG2","Btg2",2014-05-05,2014-05-05,131,147,"2014MD003001",NA,"20201217T043440Z","RELEASE-2021"
"08bce4a5-953d-40de-9220-ceb18b520876","D02","SERC","MEGAPT100992","2_SERC_PIT1","2_SERC_PIT1_BTG1","Btg1",2014-05-05,2014-05-05,85,131,"2014MD003001",NA,"20201217T043440Z","RELEASE-2021"
"de8f98a1-2596-4f35-815f-b900ea24d23b","D02","SERC","MEGAPT100992","2_SERC_PIT1","2_SERC_PIT1_E","E",2014-05-05,2014-05-05,23,37,"2014MD003001",NA,"20201217T043440Z","RELEASE-2021"
"aff373ff-5b48-4465-ba94-1118bf86177c","D02","SERC","MEGAPT100992","2_SERC_PIT1","2_SERC_PIT1_BT2","Bt2",2014-05-05,2014-05-05,60,75,"2014MD003001",NA,"20201217T043440Z","RELEASE-2021"
"e0b8807d-b958-4e66-bae3-d93a6fe84b08","D02","SERC","MEGAPT100992","2_SERC_PIT1","2_SERC_PIT1_A","A",2014-05-05,2014-05-05,2,13,"2014MD003001",NA,"20201217T043440Z","RELEASE-2021"
"53a06fd5-69eb-4bbb-97eb-c3a614502e8d","D02","SERC","MEGAPT100992","2_SERC_PIT1","2_SERC_PIT1_BT1","Bt1",2014-05-05,2014-05-05,37,60,"2014MD003001",NA,"20201217T043440Z","RELEASE-2021"
"232b2d71-c770-4e9f-a92f-2d77e86b6cf7","D02","SERC","MEGAPT100992","2_SERC_PIT1","2_SERC_PIT1_EA","EA",2014-05-05,2014-05-05,13,23,"2014MD003001",NA,"20201217T043440Z","RELEASE-2021"
"5f87d68c-516c-4126-9dde-6bcc8a63c374","D02","SERC","MEGAPT100992","2_SERC_PIT1","2_SERC_PIT1_OE","Oe",2014-05-05,2014-05-05,0,2,"2014MD003001",NA,"20201217T043440Z","RELEASE-2021"
"323f188e-7b06-40ab-9ef0-5526c4fa2117","D02","SERC","MEGAPT100992","2_SERC_PIT1","2_SERC_PIT1_C1","C1",2014-05-05,2014-05-05,187,200,"2014MD003001","No photo of horizon taken due to being under the water table and difficulty in photographing it due to the mud depth in the bottom of the pit.","20201217T043440Z","RELEASE-2021"
"f071e32c-5376-4569-8067-bb952f54fa4b","D02","SERC","MEGAPT100992","2_SERC_PIT1","2_SERC_PIT1_CG","Cg",2014-05-05,2014-05-05,156,187,"2014MD003001",NA,"20201217T043440Z","RELEASE-2021"
"2393cc2f-ada5-49cc-9a33-2191226b650f","D02","SERC","MEGAPT100992","2_SERC_PIT1","2_SERC_PIT1_C","C",2014-05-05,2014-05-05,147,156,"2014MD003001",NA,"20201217T043440Z","RELEASE-2021"
"6925cb00-4af9-45bf-888b-a99bd397b0ed","D02","SERC","MEGAPT100992","2_SERC_PIT1","2_SERC_PIT1_BT3","Bt3",2014-05-05,2014-05-05,75,85,"2014MD003001",NA,"20201217T043440Z","RELEASE-2021"
"78f60058-eb2a-4b62-a5e2-352dd486f6c5","D03","DSNY","MEGAPT100970","3_DISNEY_PIT1","3_DISNEY_PIT1_E'3","E'3",2013-02-04,2013-02-04,134,152,"13FL097001",NA,"20201217T021903Z","RELEASE-2021"
"76f20ba9-d31f-48d2-81e7-f690bfafecd5","D03","DSNY","MEGAPT100970","3_DISNEY_PIT1","3_DISNEY_PIT1_BH2","Bh2",2013-02-04,2013-02-04,55,69,"13FL097001",NA,"20201217T021903Z","RELEASE-2021"
"ba2f6447-95e5-4b58-9df5-19e15335f7c7","D03","DSNY","MEGAPT100970","3_DISNEY_PIT1","3_DISNEY_PIT1_BH1","Bh1",2013-02-04,2013-02-04,43,55,"13FL097001",NA,"20201217T021903Z","RELEASE-2021"
"9fe9b240-cbd8-4841-ad8c-ba25386cbfdc","D03","DSNY","MEGAPT100970","3_DISNEY_PIT1","3_DISNEY_PIT1_E'2","E'2",2013-02-04,2013-02-04,99,134,"13FL097001",NA,"20201217T021903Z","RELEASE-2021"
"f8791bed-e74d-45c1-acf5-916f4c75700e","D03","DSNY","MEGAPT100970","3_DISNEY_PIT1","3_DISNEY_PIT1_E'1","E'1",2013-02-04,2013-02-04,69,99,"13FL097001",NA,"20201217T021903Z","RELEASE-2021"
"b45d130a-a91e-4cd4-8a0d-ed683bd45b46","D03","DSNY","MEGAPT100970","3_DISNEY_PIT1","3_DISNEY_PIT1_E","E",2013-02-04,2013-02-04,26,43,"13FL097001",NA,"20201217T021903Z","RELEASE-2021"
"62181a4e-fc60-4dcf-8306-91e7a31692fb","D03","DSNY","MEGAPT100970","3_DISNEY_PIT1","3_DISNEY_PIT1_AP","Ap",2013-02-04,2013-02-04,0,9,"13FL097001",NA,"20201217T021903Z","RELEASE-2021"
"d395a613-9114-4c48-94c5-4800c64415ce","D03","DSNY","MEGAPT100970","3_DISNEY_PIT1","3_DISNEY_PIT1_AE","AE",2013-02-04,2013-02-04,9,26,"13FL097001",NA,"20201217T021903Z","RELEASE-2021"
"b978be0c-4b54-421b-a354-f490caf76bf7","D03","DSNY","MEGAPT100970","3_DISNEY_PIT1","3_DISNEY_PIT1_B'H","B'h",2013-02-04,2013-02-04,152,204,"13FL097001",NA,"20201217T021903Z","RELEASE-2021"
"449277c9-3168-4374-9581-4f2c9508f493","D03","JERC","MEGAPT100975","3_JONES_PIT1","3_JONES_PIT1_BT3","Bt3",2012-12-10,2012-12-10,185,203,"S2012GA007001",NA,"20201216T225139Z","RELEASE-2021"
"415c219c-6ad2-41c3-92c7-ac7c96faf9a5","D03","JERC","MEGAPT100975","3_JONES_PIT1","3_JONES_PIT1_BT2","Bt2",2012-12-10,2012-12-10,105,185,"S2012GA007001",NA,"20201216T225139Z","RELEASE-2021"
"31788402-b828-405f-89cd-1e3d8379d962","D03","JERC","MEGAPT100975","3_JONES_PIT1","3_JONES_PIT1_BT1","Bt1",2012-12-10,2012-12-10,68,105,"S2012GA007001",NA,"20201216T225139Z","RELEASE-2021"
"7b1b7271-ca80-43a3-9387-3fae9fb6a6bf","D03","JERC","MEGAPT100975","3_JONES_PIT1","3_JONES_PIT1_A","A",2012-12-10,2012-12-10,0,8,"S2012GA007001",NA,"20201216T225139Z","RELEASE-2021"
"0c5f520f-c4c6-41a1-9c5a-bd0d74a52f46","D03","JERC","MEGAPT100975","3_JONES_PIT1","3_JONES_PIT1_E","E",2012-12-10,2012-12-10,8,68,"S2012GA007001",NA,"20201216T225139Z","RELEASE-2021"
"c94f38eb-c67f-4ef6-b1d8-6ecd935d27ce","D03","OSBS","MEGAPT100989","3_ORDWAY_PIT1","3_ORDWAY_PIT1_A","A",2012-06-19,2012-06-19,0,7,NA,NA,"20201216T232230Z","RELEASE-2021"
"ce66f017-166e-4406-9a00-e6c3eb508838","D03","OSBS","MEGAPT100989","3_ORDWAY_PIT1","3_ORDWAY_PIT1_BW2","Bw2",2012-06-19,2012-06-19,28,125,NA,NA,"20201216T232230Z","RELEASE-2021"
"60e85929-b544-4431-b34b-5672148d62e5","D03","OSBS","MEGAPT100989","3_ORDWAY_PIT1","3_ORDWAY_PIT1_BW3","Bw3",2012-06-19,2012-06-19,125,200,NA,NA,"20201216T232230Z","RELEASE-2021"
"2b55521d-08c5-4029-91a1-a238a2081b02","D03","OSBS","MEGAPT100989","3_ORDWAY_PIT1","3_ORDWAY_PIT1_BW1","Bw1",2012-06-19,2012-06-19,7,28,NA,NA,"20201216T232230Z","RELEASE-2021"
"ef85528f-b394-486e-a929-970d193858a4","D04","GUAN","MEGAPT100972","4_GUANICA_PIT1","4_GUANICA_PIT1_BCK","BCk",2015-04-10,2015-04-10,105,126,"S2015PR055001",NA,"20201217T051942Z","RELEASE-2021"
"a5240133-169f-4bdf-a295-c1e39f8e08f2","D04","GUAN","MEGAPT100972","4_GUANICA_PIT1","4_GUANICA_PIT1_BK2","Bk2",2015-04-10,2015-04-10,55,86,"S2015PR055001",NA,"20201217T051942Z","RELEASE-2021"
"b3cb718a-a956-44ab-b94b-e8adbbb2356d","D04","GUAN","MEGAPT100972","4_GUANICA_PIT1","4_GUANICA_PIT1_BK3","Bk3",2015-04-10,2015-04-10,86,105,"S2015PR055001",NA,"20201217T051942Z","RELEASE-2021"
"961e9d0e-9aa9-44b6-8511-151cd17db8df","D04","GUAN","MEGAPT100972","4_GUANICA_PIT1","4_GUANICA_PIT1_A","A",2015-04-10,2015-04-10,0,30,"S2015PR055001",NA,"20201217T051942Z","RELEASE-2021"
"276de7bd-b9de-4150-8bc9-10a0fe723e3e","D04","GUAN","MEGAPT100972","4_GUANICA_PIT1","4_GUANICA_PIT1_BK1","Bk1",2015-04-10,2015-04-10,30,55,"S2015PR055001",NA,"20201217T051942Z","RELEASE-2021"
"0f3d2368-b0a6-4090-bd2b-fa7c3515cce5","D04","GUAN","MEGAPT100972","4_GUANICA_PIT1","4_GUANICA_PIT1_CR","Cr",2015-04-10,2015-04-10,161,203,"S2015PR055001",NA,"20201217T051942Z","RELEASE-2021"
"59053041-3767-4cd3-ba9e-05ff7b255a82","D04","GUAN","MEGAPT100972","4_GUANICA_PIT1","4_GUANICA_PIT1_C","C",2015-04-10,2015-04-10,126,161,"S2015PR055001",NA,"20201217T051942Z","RELEASE-2021"
"a94f1205-9608-4d08-945b-53b79c0bf159","D04","LAJA","MEGAPT100979","4_LAJAS_PIT1","4_LAJAS_PIT1_AP","Ap",2014-04-07,2014-04-07,0,27,"2014PR079001",NA,"20201217T040239Z","RELEASE-2021"
"25a222f9-676c-4528-a1e8-51a9a8426c9c","D04","LAJA","MEGAPT100979","4_LAJAS_PIT1","4_LAJAS_PIT1_4C","4C",2014-04-07,2014-04-07,176,203,"2014PR079001",NA,"20201217T040239Z","RELEASE-2021"
"20901012-f3dd-4486-a9b2-b4964e91ea5e","D04","LAJA","MEGAPT100979","4_LAJAS_PIT1","4_LAJAS_PIT1_2C","2C",2014-04-07,2014-04-07,145,164,"2014PR079001",NA,"20201217T040239Z","RELEASE-2021"
"d28199cd-46f2-412b-9e2d-707f6b03f6ee","D04","LAJA","MEGAPT100979","4_LAJAS_PIT1","4_LAJAS_PIT1_BSSYZ","Bssyz",2014-04-07,2014-04-07,55,83,"2014PR079001",NA,"20201217T040239Z","RELEASE-2021"
"83c4e8cd-d4ab-4d0d-b541-a91bf464a826","D04","LAJA","MEGAPT100979","4_LAJAS_PIT1","4_LAJAS_PIT1_3C","3C",2014-04-07,2014-04-07,164,176,"2014PR079001",NA,"20201217T040239Z","RELEASE-2021"
"b243174a-10f3-4b0a-b3e1-aadcdd4372e7","D04","LAJA","MEGAPT100979","4_LAJAS_PIT1","4_LAJAS_PIT1_ABSS","Abss",2014-04-07,2014-04-07,27,55,"2014PR079001",NA,"20201217T040239Z","RELEASE-2021"
"5e8d55bb-15c3-43fd-a014-c07c3319316c","D04","LAJA","MEGAPT100979","4_LAJAS_PIT1","4_LAJAS_PIT1_2BKY","2Bky",2014-04-07,2014-04-07,107,145,"2014PR079001",NA,"20201217T040239Z","RELEASE-2021"
"434c00b3-ed91-420a-8df9-8b13829228d1","D04","LAJA","MEGAPT100979","4_LAJAS_PIT1","4_LAJAS_PIT1_BKSSYZ","Bkssyz",2014-04-07,2014-04-07,83,107,"2014PR079001",NA,"20201217T040239Z","RELEASE-2021"
"4e911cb7-4e7b-4a16-9c2e-af5ac41376d0","D05","STEI","MEGAPT100996","D05_STEI_PIT1","5_STEI_PIT1_E/B","E/B",2015-06-16,2015-06-16,36,61,"2015WI069001",NA,"20201217T052614Z","RELEASE-2021"
"787c2083-3297-4d2f-ba62-d85fbdeb2b21","D05","STEI","MEGAPT100996","D05_STEI_PIT1","5_STEI_PIT1_BC","BC",2015-06-16,2015-06-16,109,148,"2015WI069001",NA,"20201217T052614Z","RELEASE-2021"
"5ab991d6-495e-4478-b8da-b4ab0c8dad2e","D05","STEI","MEGAPT100996","D05_STEI_PIT1","5_STEI_PIT1_BS2","Bs2",2015-06-16,2015-06-16,28,36,"2015WI069001",NA,"20201217T052614Z","RELEASE-2021"
"a16733bf-e752-4f18-bf5a-ef3285610619","D05","STEI","MEGAPT100996","D05_STEI_PIT1","5_STEI_PIT1_A","A",2015-06-16,2015-06-16,0,14,"2015WI069001",NA,"20201217T052614Z","RELEASE-2021"
"85e246fb-b11f-46b2-be3f-e396ad59e9dd","D05","STEI","MEGAPT100996","D05_STEI_PIT1","5_STEI_PIT1_BT1","Bt1",2015-06-16,2015-06-16,61,78,"2015WI069001",NA,"20201217T052614Z","RELEASE-2021"
"d85e2bfc-0844-49b6-aebe-19fcfdd45042","D05","STEI","MEGAPT100996","D05_STEI_PIT1","5_STEI_PIT1_BT2","Bt2",2015-06-16,2015-06-16,78,109,"2015WI069001",NA,"20201217T052614Z","RELEASE-2021"
"319dc2a8-3e8f-439f-ab26-d7c21d7b7b59","D05","STEI","MEGAPT100996","D05_STEI_PIT1","5_STEI_PIT1_BS1","Bs1",2015-06-16,2015-06-16,14,28,"2015WI069001",NA,"20201217T052614Z","RELEASE-2021"
"e544fb89-ca2f-483a-b2b6-0c38c72c60ce","D05","STEI","MEGAPT100996","D05_STEI_PIT1","5_STEI_PIT1_C","Cd",2015-06-16,2015-06-16,148,200,"2015WI069001",NA,"20201217T052614Z","RELEASE-2021"
"3732524e-814a-41c4-b094-2af39896534a","D05","TREE","MEGAPT100999","D05_TREE_PIT1","5_TREE_PIT1_BS","Bs",2015-06-15,2015-06-15,17,33,"2015WI069002",NA,"20201217T053017Z","RELEASE-2021"
"04ec2070-7367-4d3c-aea7-99bcd905ce3f","D05","TREE","MEGAPT100999","D05_TREE_PIT1","5_TREE_PIT1_OA","Oa",2015-06-15,2015-06-15,0,2,"2015WI069002",NA,"20201217T053017Z","RELEASE-2021"
"e51329ae-2f89-48f1-9a4a-954074fc64db","D05","TREE","MEGAPT100999","D05_TREE_PIT1","5_TREE_PIT1_3CD2","3Cd2",2015-06-15,2015-06-15,176,200,"2015WI069002",NA,"20201217T053017Z","RELEASE-2021"
"c49a9bb4-2f27-4aae-ba24-ec135cf65d60","D05","TREE","MEGAPT100999","D05_TREE_PIT1","5_TREE_PIT1_2BC","2BC",2015-06-15,2015-06-15,107,168,"2015WI069002",NA,"20201217T053017Z","RELEASE-2021"
"13e9b7b8-480d-491f-8321-54f79a3c19fd","D05","TREE","MEGAPT100999","D05_TREE_PIT1","5_TREE_PIT1_E/B","E/B",2015-06-15,2015-06-15,52,66,"2015WI069002",NA,"20201217T053017Z","RELEASE-2021"
"b128e254-16e1-4469-a3ac-73485102bdec","D05","TREE","MEGAPT100999","D05_TREE_PIT1","5_TREE_PIT1_2E_AND_BT","2E and Bt",2015-06-15,2015-06-15,66,107,"2015WI069002",NA,"20201217T053017Z","RELEASE-2021"
"cde564fc-d44e-4351-aae9-9955284b787c","D05","TREE","MEGAPT100999","D05_TREE_PIT1","5_TREE_PIT1_E1","E",2015-06-15,2015-06-15,33,52,"2015WI069002",NA,"20201217T053017Z","RELEASE-2021"
"a007b39a-c692-4fe1-a645-0ad08b3a5d8b","D05","TREE","MEGAPT100999","D05_TREE_PIT1","5_TREE_PIT1_A/E","A/E",2015-06-15,2015-06-15,2,17,"2015WI069002",NA,"20201217T053017Z","RELEASE-2021"
"a0d03ac1-440b-4ed7-956b-f15e931adbfb","D05","TREE","MEGAPT100999","D05_TREE_PIT1","5_TREE_PIT1_3CD1","3Cd1",2015-06-15,2015-06-15,168,176,"2015WI069002",NA,"20201217T053017Z","RELEASE-2021"
"74f64944-537d-4e5f-868c-d449e2b7e739","D05","UNDE","MEGAPT101001","5_UNDERC_PIT1","5_UNDERC_PIT1_3C2","3C2",2013-09-09,2013-09-09,147,235,"2013MI053001",NA,"20201217T020817Z","RELEASE-2021"
"9b120ac8-fb02-4865-a922-01d2fb63be6b","D05","UNDE","MEGAPT101001","5_UNDERC_PIT1","5_UNDERC_PIT1_2C1","2C1",2013-09-09,2013-09-09,114,147,"2013MI053001",NA,"20201217T020817Z","RELEASE-2021"
"75eec57f-3113-4c36-8a35-8887c92271c9","D05","UNDE","MEGAPT101001","5_UNDERC_PIT1","5_UNDERC_PIT1_2BT1","2Bt1",2013-09-09,2013-09-09,57,83,"2013MI053001",NA,"20201217T020817Z","RELEASE-2021"
"8cb1f874-c224-4c53-8aa3-49f4ba71972f","D05","UNDE","MEGAPT101001","5_UNDERC_PIT1","5_UNDERC_PIT1_E/BX","E/Bx",2013-09-09,2013-09-09,48,57,"2013MI053001",NA,"20201217T020817Z","RELEASE-2021"
"9e1f827e-4a33-45ae-b4ba-dd6d2dfbf583","D05","UNDE","MEGAPT101001","5_UNDERC_PIT1","5_UNDERC_PIT1_A","A",2013-09-09,2013-09-09,0,8,"2013MI053001",NA,"20201217T020817Z","RELEASE-2021"
"b50f7170-9d1d-4155-9f10-e75808ee0f6d","D05","UNDE","MEGAPT101001","5_UNDERC_PIT1","5_UNDERC_PIT1_2BT2","2Bt2",2013-09-09,2013-09-09,83,114,"2013MI053001",NA,"20201217T020817Z","RELEASE-2021"
"ddcf1b38-a0d9-4fa3-8318-b1181c1b619f","D05","UNDE","MEGAPT101001","5_UNDERC_PIT1","5_UNDERC_PIT1_E","E",2013-09-09,2013-09-09,15,23,"2013MI053001",NA,"20201217T020817Z","RELEASE-2021"
"c58bb572-2d5f-4181-b6e8-1daab60d4d83","D05","UNDE","MEGAPT101001","5_UNDERC_PIT1","5_UNDERC_PIT1_BS2","BS2",2013-09-09,2013-09-09,31,48,"2013MI053001",NA,"20201217T020817Z","RELEASE-2021"
"02330106-2045-42eb-ab19-b6f9be6b8e00","D05","UNDE","MEGAPT101001","5_UNDERC_PIT1","5_UNDERC_PIT1_BS","Bs",2013-09-09,2013-09-09,8,15,"2013MI053001",NA,"20201217T020817Z","RELEASE-2021"
"fdeb6a40-939a-48cf-b5a4-3bcf11f72848","D05","UNDE","MEGAPT101001","5_UNDERC_PIT1","5_UNDERC_PIT1_BS1","BS1",2013-09-09,2013-09-09,23,31,"2013MI053001",NA,"20201217T020817Z","RELEASE-2021"
"c8a38da7-c840-4a65-bf70-7fccee2c627e","D06","KONA","MEGAPT100977","6_KONZAAG_PIT1","6_KONZAAG_PIT1_BT1","Bt1",2014-08-04,2014-08-04,12,31,"S2014KS161503",NA,"20201217T035348Z","RELEASE-2021"
"99b7d6e9-8fae-43bc-abc7-bed3d7144792","D06","KONA","MEGAPT100977","6_KONZAAG_PIT1","6_KONZAAG_PIT1_BT3","Bt3",2014-08-04,2014-08-04,54,89,"S2014KS161503",NA,"20201217T035348Z","RELEASE-2021"
"7e3d83ac-3a07-458a-aaba-bfa3b9957389","D06","KONA","MEGAPT100977","6_KONZAAG_PIT1","6_KONZAAG_PIT1_BT2","Bt2",2014-08-04,2014-08-04,31,54,"S2014KS161503",NA,"20201217T035348Z","RELEASE-2021"
"9a0ae5b4-ae9a-446e-a9bc-e32460e75f0c","D06","KONA","MEGAPT100977","6_KONZAAG_PIT1","6_KONZAAG_PIT1_BTKSS","Btkss",2014-08-04,2014-08-04,119,156,"S2014KS161503",NA,"20201217T035348Z","RELEASE-2021"
"6d433461-2874-4974-89da-2921721723aa","D06","KONA","MEGAPT100977","6_KONZAAG_PIT1","6_KONZAAG_PIT1_BTSS","Btss",2014-08-04,2014-08-04,89,119,"S2014KS161503",NA,"20201217T035348Z","RELEASE-2021"
"c85a7d03-c59c-4eed-b3e6-935c53e9bd1c","D06","KONA","MEGAPT100977","6_KONZAAG_PIT1","6_KONZAAG_PIT1_BTK","Btk",2014-08-04,2014-08-04,156,206,"S2014KS161503",NA,"20201217T035348Z","RELEASE-2021"
"086cbb25-3b18-41ab-ae3c-5d5fc682b863","D06","KONA","MEGAPT100977","6_KONZAAG_PIT1","6_KONZAAG_PIT1_AP","Ap",2014-08-04,2014-08-04,0,12,"S2014KS161503",NA,"20201217T035348Z","RELEASE-2021"
"492ef91e-35f3-42a7-b9f4-766f2507870b","D06","KONZ","MEGAPT100978","6_KONZACORE_PIT1","6_KONZACORE_PIT1_BT1","Bt1",2014-06-24,2014-06-24,10,26,"2014KS161502",NA,"20201217T044242Z","RELEASE-2021"
"22151801-f868-4576-b87e-b49568e84bf8","D06","KONZ","MEGAPT100978","6_KONZACORE_PIT1","6_KONZACORE_PIT1_A","A",2014-06-24,2014-06-24,0,10,"2014KS161502",NA,"20201217T044242Z","RELEASE-2021"
"68643143-31dd-452a-8d11-d0381beeeea2","D06","KONZ","MEGAPT100978","6_KONZACORE_PIT1","6_KONZACORE_PIT1_2BCY","2BCy",2014-06-24,2014-06-24,132,164,"2014KS161502",NA,"20201217T044242Z","RELEASE-2021"
"67278bad-18c9-4bb0-962b-051642c1e17e","D06","KONZ","MEGAPT100978","6_KONZACORE_PIT1","6_KONZACORE_PIT1_BTKY","Btky",2014-06-24,2014-06-24,89,132,"2014KS161502",NA,"20201217T044242Z","RELEASE-2021"
"faf04e51-35bd-4ba0-aa18-883de8c3823c","D06","KONZ","MEGAPT100978","6_KONZACORE_PIT1","6_KONZACORE_PIT1_3BT","3Bt",2014-06-24,2014-06-24,164,200,"2014KS161502",NA,"20201217T044242Z","RELEASE-2021"
"7689d5c8-3964-474d-b652-d09a6f840a9f","D06","KONZ","MEGAPT100978","6_KONZACORE_PIT1","6_KONZACORE_PIT1_BTKSS","Btkss",2014-06-24,2014-06-24,66,89,"2014KS161502",NA,"20201217T044242Z","RELEASE-2021"
"f850dec4-4e9c-4e76-852a-5c3f8a2a307f","D06","KONZ","MEGAPT100978","6_KONZACORE_PIT1","6_KONZACORE_PIT1_BT2","Bt2",2014-06-24,2014-06-24,26,66,"2014KS161502",NA,"20201217T044242Z","RELEASE-2021"
"c0c68a80-e5cb-4456-8223-64b693ed9861","D06","UKFS","MEGAPT101000","6_UKFS_PIT1","6_UKFS_PIT1_2BTK","2Btk",2014-07-21,2014-07-21,101,121,"S2014KS045001",NA,"20201217T043745Z","RELEASE-2021"
"d75d920c-3274-4a8c-98b5-2d8cd06b97f2","D06","UKFS","MEGAPT101000","6_UKFS_PIT1","6_UKFS_PIT1_2BT3","2Bt3",2014-07-21,2014-07-21,76,101,"S2014KS045001",NA,"20201217T043745Z","RELEASE-2021"
"af8a3ac7-502e-4db4-82f4-152eb8707670","D06","UKFS","MEGAPT101000","6_UKFS_PIT1","6_UKFS_PIT1_A1","A1",2014-07-21,2014-07-21,0,13,"S2014KS045001",NA,"20201217T043745Z","RELEASE-2021"
"c685fba6-2632-43fe-8b1c-8f65625a26d6","D06","UKFS","MEGAPT101000","6_UKFS_PIT1","6_UKFS_PIT1_BT1","Bt1",2014-07-21,2014-07-21,28,43,"S2014KS045001",NA,"20201217T043745Z","RELEASE-2021"
"870258b8-d7a4-485a-bbbf-2a9f8d385393","D06","UKFS","MEGAPT101000","6_UKFS_PIT1","6_UKFS_PIT1_BT2","Bt2",2014-07-21,2014-07-21,43,76,"S2014KS045001",NA,"20201217T043745Z","RELEASE-2021"
"f4d338b1-729c-4ea2-a793-85fe142a2d82","D06","UKFS","MEGAPT101000","6_UKFS_PIT1","6_UKFS_PIT1_2C1","2C1",2014-07-21,2014-07-21,121,148,"S2014KS045001",NA,"20201217T043745Z","RELEASE-2021"
"374cea3b-045c-4b89-9d62-eb2f5449f5c9","D06","UKFS","MEGAPT101000","6_UKFS_PIT1","6_UKFS_PIT1_2C2","2C2",2014-07-21,2014-07-21,148,200,"S2014KS045001",NA,"20201217T043745Z","RELEASE-2021"
"6a0faa9f-f149-4628-844d-882e48e76f34","D06","UKFS","MEGAPT101000","6_UKFS_PIT1","6_UKFS_PIT1_A2","A2",2014-07-21,2014-07-21,13,28,"S2014KS045001",NA,"20201217T043745Z","RELEASE-2021"
"e9920fee-8b69-4b48-8c8c-4f19662e9ef7","D07","GRSM","MEGAPT100971","D07_GRSM_PIT1","7_GSMNP_PIT1_A1","A1",2015-04-20,2015-04-20,0,21,"S2015TN155400",NA,"20201217T050435Z","RELEASE-2021"
"751b7391-f9b6-4347-8451-0ace459772d5","D07","GRSM","MEGAPT100971","D07_GRSM_PIT1","7_GSMNP_PIT1_BW1","Bw1",2015-04-20,2015-04-20,100,140,"S2015TN155400",NA,"20201217T050435Z","RELEASE-2021"
"b363e8d2-1ece-441b-a937-4b551d947d69","D07","GRSM","MEGAPT100971","D07_GRSM_PIT1","7_GSMNP_PIT1_A2","A2",2015-04-20,2015-04-20,21,32,"S2015TN155400",NA,"20201217T050435Z","RELEASE-2021"
"18ce75be-a59f-4a63-97d9-3d38e4c6009b","D07","GRSM","MEGAPT100971","D07_GRSM_PIT1","7_GSMNP_PIT1_C","C",2015-04-20,2015-04-20,58,100,"S2015TN155400",NA,"20201217T050435Z","RELEASE-2021"
"2b2b47a8-791c-41f0-8f4c-17a9b6d9164f","D07","GRSM","MEGAPT100971","D07_GRSM_PIT1","7_GSMNP_PIT1_BW2","Bw2",2015-04-20,2015-04-20,140,206,"S2015TN155400",NA,"20201217T050435Z","RELEASE-2021"
"e74bfb19-0880-4bc1-9140-55e29e85cb7f","D07","GRSM","MEGAPT100971","D07_GRSM_PIT1","7_GSMNP_PIT1_BW","Bw",2015-04-20,2015-04-20,32,58,"S2015TN155400",NA,"20201217T050435Z","RELEASE-2021"
"b19d10e3-ac7f-4b5e-a4a7-7865788b5c82","D07","MLBS","MEGAPT100982","7_MLBS_PIT1","7_MLBS_PIT1_BW1","Bw1",2013-12-02,2013-12-02,56,105,"201351071001","NRCS initially described Oi depth as +5-0cm but changed to 0-5cm based on email from Benham (NRCS) to Ayres (7/31/14 10:47am). Lower depths were adjusted accordingly.","20201217T020159Z","RELEASE-2021"
"3c19e503-ae6b-4390-9e23-768e46397d4f","D07","MLBS","MEGAPT100982","7_MLBS_PIT1","7_MLBS_PIT1_OI","Oi",2013-12-02,2013-12-02,0,5,"201351071001","NRCS initially described Oi depth as +5-0cm but changed to 0-5cm based on email from Benham (NRCS) to Ayres (7/31/14 10:47am). Lower depths were adjusted accordingly.","20201217T020159Z","RELEASE-2021"
"faf9de21-20df-42d2-a9cf-98e72d060d6f","D07","MLBS","MEGAPT100982","7_MLBS_PIT1","7_MLBS_PIT1_2C1","2C1",2013-12-02,2013-12-02,140,165,"201351071001","NRCS initially described Oi depth as +5-0cm but changed to 0-5cm based on email from Benham (NRCS) to Ayres (7/31/14 10:47am). Lower depths were adjusted accordingly.","20201217T020159Z","RELEASE-2021"
"38d10c88-b875-4c96-8498-fae1669666ab","D07","MLBS","MEGAPT100982","7_MLBS_PIT1","7_MLBS_PIT1_OE","Oe",2013-12-02,2013-12-02,5,8,"201351071001","NRCS initially described Oi depth as +5-0cm but changed to 0-5cm based on email from Benham (NRCS) to Ayres (7/31/14 10:47am). Lower depths were adjusted accordingly.","20201217T020159Z","RELEASE-2021"
"20b164f7-e3b3-4efe-b939-572e24690d49","D07","MLBS","MEGAPT100982","7_MLBS_PIT1","7_MLBS_PIT1_E","E",2013-12-02,2013-12-02,44,56,"201351071001","NRCS initially described Oi depth as +5-0cm but changed to 0-5cm based on email from Benham (NRCS) to Ayres (7/31/14 10:47am). Lower depths were adjusted accordingly.","20201217T020159Z","RELEASE-2021"
"8b9f7af8-9622-41ff-ae17-c65cbb3c88eb","D07","MLBS","MEGAPT100982","7_MLBS_PIT1","7_MLBS_PIT1_BW2","Bw2",2013-12-02,2013-12-02,105,140,"201351071001","NRCS initially described Oi depth as +5-0cm but changed to 0-5cm based on email from Benham (NRCS) to Ayres (7/31/14 10:47am). Lower depths were adjusted accordingly.","20201217T020159Z","RELEASE-2021"
"9a712482-861d-420b-acda-7ba0f55ac1e2","D07","MLBS","MEGAPT100982","7_MLBS_PIT1","7_MLBS_PIT1_OA","Oa",2013-12-02,2013-12-02,8,11,"201351071001","NRCS initially described Oi depth as +5-0cm but changed to 0-5cm based on email from Benham (NRCS) to Ayres (7/31/14 10:47am). Lower depths were adjusted accordingly.","20201217T020159Z","RELEASE-2021"
"f74ecd21-c589-44eb-8c16-74c2fbda294a","D07","MLBS","MEGAPT100982","7_MLBS_PIT1","7_MLBS_PIT1_2CG2","2Cg2",2013-12-02,2013-12-02,165,205,"201351071001","NRCS initially described Oi depth as +5-0cm but changed to 0-5cm based on email from Benham (NRCS) to Ayres (7/31/14 10:47am). Lower depths were adjusted accordingly.","20201217T020159Z","RELEASE-2021"
"f771cad4-f555-4bb4-b220-10c70faf1774","D07","MLBS","MEGAPT100982","7_MLBS_PIT1","7_MLBS_PIT1_A","A",2013-12-02,2013-12-02,11,44,"201351071001","NRCS initially described Oi depth as +5-0cm but changed to 0-5cm based on email from Benham (NRCS) to Ayres (7/31/14 10:47am). Lower depths were adjusted accordingly.","20201217T020159Z","RELEASE-2021"
"a34d9b77-3f65-4095-8378-870d584fd710","D07","ORNL","MEGAPT100988","7_OAKRIDGE_PIT1","7_OAKRIDGE_PIT1_BT1","Bt1",2013-09-23,2013-09-23,19,40,"S2013TN001001",NA,"20201217T020748Z","RELEASE-2021"
"200ecc4a-6368-4bcd-8629-3c49394b15ba","D07","ORNL","MEGAPT100988","7_OAKRIDGE_PIT1","7_OAKRIDGE_PIT1_A","A",2013-09-23,2013-09-23,1,10,"S2013TN001001",NA,"20201217T020748Z","RELEASE-2021"
"7cf48942-22cf-47d4-87fa-7c35b5ae9562","D07","ORNL","MEGAPT100988","7_OAKRIDGE_PIT1","7_OAKRIDGE_PIT1_E","E",2013-09-23,2013-09-23,10,19,"S2013TN001001",NA,"20201217T020748Z","RELEASE-2021"
"b095bc2b-cf41-4eb8-a8b8-9b0ac20907f2","D07","ORNL","MEGAPT100988","7_OAKRIDGE_PIT1","7_OAKRIDGE_PIT1_2BT2","2Bt2",2013-09-23,2013-09-23,40,65,"S2013TN001001",NA,"20201217T020748Z","RELEASE-2021"
"f8003537-b006-4cda-8b02-633be0581b74","D07","ORNL","MEGAPT100988","7_OAKRIDGE_PIT1","7_OAKRIDGE_PIT1_OI","Oi",2013-09-23,2013-09-23,0,1,"S2013TN001001",NA,"20201217T020748Z","RELEASE-2021"
"8c5cd932-fc51-4dc4-a740-5af6354aa0e7","D07","ORNL","MEGAPT100988","7_OAKRIDGE_PIT1","7_OAKRIDGE_PIT1_2BT3","2Bt3",2013-09-23,2013-09-23,65,147,"S2013TN001001",NA,"20201217T020748Z","RELEASE-2021"
"5dc70500-3caa-47e9-80cf-8f0cdd992304","D07","ORNL","MEGAPT100988","7_OAKRIDGE_PIT1","7_OAKRIDGE_PIT1_2BT4","2Bt4",2013-09-23,2013-09-23,147,180,"S2013TN001001",NA,"20201217T020748Z","RELEASE-2021"
"8cdbfa4f-711b-42f3-bc11-d6ddc40eed67","D08","DELA","MEGAPT100969","8_DEADLAKE_PIT1","8_DEADLAKE_PIT1_OI","Oi",2013-04-29,2013-04-29,0,2,"S2013AL063001",NA,"20201217T015523Z","RELEASE-2021"
"ab626608-72ce-42a5-b5ad-cbc5c8940d08","D08","DELA","MEGAPT100969","8_DEADLAKE_PIT1","8_DEADLAKE_PIT1_BT1","Bt1",2013-04-29,2013-04-29,27,58,"S2013AL063001",NA,"20201217T015523Z","RELEASE-2021"
"31eaca46-aec5-44c7-9dba-c2aa98b5bf80","D08","DELA","MEGAPT100969","8_DEADLAKE_PIT1","8_DEADLAKE_PIT1_BT4","Bt4",2013-04-29,2013-04-29,150,200,"S2013AL063001",NA,"20201217T015523Z","RELEASE-2021"
"00ee7868-a66f-4f6f-8849-7619c5085f27","D08","DELA","MEGAPT100969","8_DEADLAKE_PIT1","8_DEADLAKE_PIT1_BT2","Bt2",2013-04-29,2013-04-29,58,79,"S2013AL063001",NA,"20201217T015523Z","RELEASE-2021"
"d8efff66-d3a0-4b26-8561-33e20b5d761a","D08","DELA","MEGAPT100969","8_DEADLAKE_PIT1","8_DEADLAKE_PIT1_A2","A2",2013-04-29,2013-04-29,15,27,"S2013AL063001",NA,"20201217T015523Z","RELEASE-2021"
"f2861da2-79b0-48f5-a8e9-9973d07652d9","D08","DELA","MEGAPT100969","8_DEADLAKE_PIT1","8_DEADLAKE_PIT1_A1","A1",2013-04-29,2013-04-29,2,15,"S2013AL063001",NA,"20201217T015523Z","RELEASE-2021"
"cd530970-584e-48bb-923c-387d1fe0f526","D08","DELA","MEGAPT100969","8_DEADLAKE_PIT1","8_DEADLAKE_PIT1_BT3","Bt3",2013-04-29,2013-04-29,79,150,"S2013AL063001",NA,"20201217T015523Z","RELEASE-2021"
"e892f216-f987-476e-9300-06b9394ce429","D08","LENO","MEGAPT100980","D08_LENO_PIT1","8_LENOIR_PIT1_A","A",2015-03-16,2015-03-16,2,8,"S2015AL023004",NA,"20201217T052600Z","RELEASE-2021"
"564b3962-85b9-45b4-a524-8c839d5efa2d","D08","LENO","MEGAPT100980","D08_LENO_PIT1","8_LENOIR_PIT1_BG4","Bg4",2015-03-16,2015-03-16,147,200,"S2015AL023004",NA,"20201217T052600Z","RELEASE-2021"
"0732cd5a-eec3-4662-bc9f-22d8989ef151","D08","LENO","MEGAPT100980","D08_LENO_PIT1","8_LENOIR_PIT1_OI","Oi",2015-03-16,2015-03-16,0,2,"S2015AL023004",NA,"20201217T052600Z","RELEASE-2021"
"54313011-ff2c-45f1-a399-80601c97ab7e","D08","LENO","MEGAPT100980","D08_LENO_PIT1","8_LENOIR_PIT1_BG3","Bg3",2015-03-16,2015-03-16,102,147,"S2015AL023004",NA,"20201217T052600Z","RELEASE-2021"
"815d067e-cac9-4451-bf46-fade492d06a7","D08","LENO","MEGAPT100980","D08_LENO_PIT1","8_LENOIR_PIT1_BG1","Bg1",2015-03-16,2015-03-16,21,58,"S2015AL023004",NA,"20201217T052600Z","RELEASE-2021"
"f10df821-6083-4ba8-8240-09b280de8635","D08","LENO","MEGAPT100980","D08_LENO_PIT1","8_LENOIR_PIT1_BW","Bw",2015-03-16,2015-03-16,8,21,"S2015AL023004",NA,"20201217T052600Z","RELEASE-2021"
"29552c96-77d5-4820-9976-50c5e2dbbd19","D08","LENO","MEGAPT100980","D08_LENO_PIT1","8_LENOIR_PIT1_BG2","Bg2",2015-03-16,2015-03-16,58,102,"S2015AL023004",NA,"20201217T052600Z","RELEASE-2021"
"22fb3ccf-7c59-4826-b142-2d5c2025cc21","D08","TALL","MEGAPT100998","D08_TALLADEGA_PIT1","D08_TALLADEGA_PIT1_BC","Bc",2014-01-13,2014-01-13,75,93,"S2014AL007001",NA,"20201217T034359Z","RELEASE-2021"
"df5d2482-cfaf-4405-874c-238c0390c759","D08","TALL","MEGAPT100998","D08_TALLADEGA_PIT1","D08_TALLADEGA_PIT1_BT","Bt",2014-01-13,2014-01-13,37,75,"S2014AL007001",NA,"20201217T034359Z","RELEASE-2021"
"9b58e5de-287c-4887-a725-9f0cdf434855","D08","TALL","MEGAPT100998","D08_TALLADEGA_PIT1","D08_TALLADEGA_PIT1_BE","BE",2014-01-13,2014-01-13,25,37,"S2014AL007001",NA,"20201217T034359Z","RELEASE-2021"
"f2692a67-c216-4d30-90f5-e058987917bf","D08","TALL","MEGAPT100998","D08_TALLADEGA_PIT1","D08_TALLADEGA_PIT1_A2","A2",2014-01-13,2014-01-13,10,25,"S2014AL007001",NA,"20201217T034359Z","RELEASE-2021"
"8c3b8500-c5db-47dc-b6c3-e84ac7658322","D08","TALL","MEGAPT100998","D08_TALLADEGA_PIT1","D08_TALLADEGA_PIT1_C2","C2",2014-01-13,2014-01-13,130,200,"S2014AL007001",NA,"20201217T034359Z","RELEASE-2021"
"5904e527-944a-4d8c-a5fa-405418f49ff8","D08","TALL","MEGAPT100998","D08_TALLADEGA_PIT1","D08_TALLADEGA_PIT1_C1","C1",2014-01-13,2014-01-13,93,130,"S2014AL007001",NA,"20201217T034359Z","RELEASE-2021"
"09a2aa90-c5ad-48da-9bd1-6363f1fde962","D08","TALL","MEGAPT100998","D08_TALLADEGA_PIT1","D08_TALLADEGA_PIT1_A1","A1",2014-01-13,2014-01-13,0,10,"S2014AL007001",NA,"20201217T034359Z","RELEASE-2021"
"a4dd61fd-33d4-4aba-9a90-6a378bb6c00b","D09","DCFS","MEGAPT100968","9_DAKOTAC_PIT1","9_DAKOTAC_PIT1_A2","A2",2012-09-26,2012-09-26,8,18,"12ND093002",NA,"20201216T224005Z","RELEASE-2021"
"59120e4d-7410-41f8-a4be-5e870f50a6be","D09","DCFS","MEGAPT100968","9_DAKOTAC_PIT1","9_DAKOTAC_PIT1_C1","C1",2012-09-26,2012-09-26,110,148,"12ND093002",NA,"20201216T224005Z","RELEASE-2021"
"f0ad2532-8acf-43d8-9f3a-b7ccb3bc5eac","D09","DCFS","MEGAPT100968","9_DAKOTAC_PIT1","9_DAKOTAC_PIT1_BC","BC",2012-09-26,2012-09-26,92,110,"12ND093002",NA,"20201216T224005Z","RELEASE-2021"
"cd626fac-d094-4b3d-bb66-ebce8239a7eb","D09","DCFS","MEGAPT100968","9_DAKOTAC_PIT1","9_DAKOTAC_PIT1_C3","C3",2012-09-26,2012-09-26,165,200,"12ND093002",NA,"20201216T224005Z","RELEASE-2021"
"0d43f313-94ad-4fd5-9ebc-9c8af42527b1","D09","DCFS","MEGAPT100968","9_DAKOTAC_PIT1","9_DAKOTAC_PIT1_BK2","Bk2",2012-09-26,2012-09-26,55,92,"12ND093002",NA,"20201216T224005Z","RELEASE-2021"
"41885f6b-7c52-4951-8c41-6b6b2c5622fe","D09","DCFS","MEGAPT100968","9_DAKOTAC_PIT1","9_DAKOTAC_PIT1_C2","C2",2012-09-26,2012-09-26,148,165,"12ND093002",NA,"20201216T224005Z","RELEASE-2021"
"b2e5f960-3a37-4fdb-9be7-a3411017a148","D09","DCFS","MEGAPT100968","9_DAKOTAC_PIT1","9_DAKOTAC_PIT1_A1","A1",2012-09-26,2012-09-26,0,8,"12ND093002",NA,"20201216T224005Z","RELEASE-2021"
"ccac941c-562a-4685-ab2a-130cb07ba3b5","D09","DCFS","MEGAPT100968","9_DAKOTAC_PIT1","9_DAKOTAC_PIT1_BK1","Bk1",2012-09-26,2012-09-26,35,55,"12ND093002",NA,"20201216T224005Z","RELEASE-2021"
"fb75ede9-6387-4d20-b787-8564b95c72f9","D09","DCFS","MEGAPT100968","9_DAKOTAC_PIT1","9_DAKOTAC_PIT1_A3","A3",2012-09-26,2012-09-26,18,26,"12ND093002",NA,"20201216T224005Z","RELEASE-2021"
"345fa735-aab1-466c-bf8d-3618bb3692c5","D09","DCFS","MEGAPT100968","9_DAKOTAC_PIT1","9_DAKOTAC_PIT1_BW","Bw",2012-09-26,2012-09-26,26,35,"12ND093002",NA,"20201216T224005Z","RELEASE-2021"
"138bdae7-aded-4bd6-acc5-82a768661b4c","D09","NOGP","MEGAPT100985","9_NGPRL_PIT1","9_NGPRL_PIT1_A3","A3",2013-07-08,2013-07-08,11,31,"S2013ND059-001",NA,"20201217T032643Z","RELEASE-2021"
"b57c9d61-9234-4600-a13d-4e2117db3eb3","D09","NOGP","MEGAPT100985","9_NGPRL_PIT1","9_NGPRL_PIT1_BTK2","Btk2",2013-07-08,2013-07-08,112,145,"S2013ND059-001",NA,"20201217T032643Z","RELEASE-2021"
"9f243aaa-5b2a-4157-b7c8-411a25d36b28","D09","NOGP","MEGAPT100985","9_NGPRL_PIT1","9_NGPRL_PIT1_BT3","Bt3",2013-07-08,2013-07-08,64,84,"S2013ND059-001",NA,"20201217T032643Z","RELEASE-2021"
"755c1e5d-5a28-4865-a3d4-95d72be3d8e6","D09","NOGP","MEGAPT100985","9_NGPRL_PIT1","9_NGPRL_PIT1_A1","A1",2013-07-08,2013-07-08,0,4,"S2013ND059-001",NA,"20201217T032643Z","RELEASE-2021"
"553270fc-4b55-4372-8f30-743639a8e5cb","D09","NOGP","MEGAPT100985","9_NGPRL_PIT1","9_NGPRL_PIT1_A2","A2",2013-07-08,2013-07-08,4,11,"S2013ND059-001",NA,"20201217T032643Z","RELEASE-2021"
"c26b9d21-a2b9-40fd-b8f2-18a1d72c7a78","D09","NOGP","MEGAPT100985","9_NGPRL_PIT1","9_NGPRL_PIT1_BK","Bk",2013-07-08,2013-07-08,145,182,"S2013ND059-001",NA,"20201217T032643Z","RELEASE-2021"
"e6cb726c-33aa-4b79-8d9b-a5c0920fffae","D09","NOGP","MEGAPT100985","9_NGPRL_PIT1","9_NGPRL_PIT1_C","C",2013-07-08,2013-07-08,182,200,"S2013ND059-001",NA,"20201217T032643Z","RELEASE-2021"
"4aa0501c-7608-47b5-8af9-cca48d2bf44b","D09","NOGP","MEGAPT100985","9_NGPRL_PIT1","9_NGPRL_PIT1_BT2","Bt2",2013-07-08,2013-07-08,46,64,"S2013ND059-001",NA,"20201217T032643Z","RELEASE-2021"
"bc040ddf-14da-42a3-93a8-e691130e45a4","D09","NOGP","MEGAPT100985","9_NGPRL_PIT1","9_NGPRL_PIT1_BTK1","Btk1",2013-07-08,2013-07-08,84,112,"S2013ND059-001",NA,"20201217T032643Z","RELEASE-2021"
"4646d5b9-26a3-4a9a-abb6-f6d42b5e07ec","D09","NOGP","MEGAPT100985","9_NGPRL_PIT1","9_NGPRL_PIT1_BT1","Bt1",2013-07-08,2013-07-08,31,46,"S2013ND059-001",NA,"20201217T032643Z","RELEASE-2021"
"d05560a2-6361-48dc-a36b-9b278262108b","D09","WOOD","MEGAPT101002","9_WOODWORTH_PIT1","9_WOODWORTH_PIT1_2C","2C",2012-09-18,2012-09-18,133,190,"12ND093001",NA,"20201216T234629Z","RELEASE-2021"
"da4df741-65d8-42e1-a080-a6cd1835c182","D09","WOOD","MEGAPT101002","9_WOODWORTH_PIT1","9_WOODWORTH_PIT1_2BCK","2BCk",2012-09-18,2012-09-18,92,133,"12ND093001",NA,"20201216T234629Z","RELEASE-2021"
"05511859-f604-463e-a9c3-2351fc9313c5","D09","WOOD","MEGAPT101002","9_WOODWORTH_PIT1","9_WOODWORTH_PIT1_2BK2","2Bk2",2012-09-18,2012-09-18,58,92,"12ND093001",NA,"20201216T234629Z","RELEASE-2021"
"9f014771-d30f-4196-977f-9e7ca63f6a14","D09","WOOD","MEGAPT101002","9_WOODWORTH_PIT1","9_WOODWORTH_PIT1_AP","Ap",2012-09-18,2012-09-18,6,16,"12ND093001",NA,"20201216T234629Z","RELEASE-2021"
"06dc9818-1bb1-49ad-8e68-0e230bc95b5f","D09","WOOD","MEGAPT101002","9_WOODWORTH_PIT1","9_WOODWORTH_PIT1_AO","AO",2012-09-18,2012-09-18,0,6,"12ND093001",NA,"20201216T234629Z","RELEASE-2021"
"90025ab3-197f-4450-8cd7-c3a5b5657d4c","D09","WOOD","MEGAPT101002","9_WOODWORTH_PIT1","9_WOODWORTH_PIT1_2BW","2Bw",2012-09-18,2012-09-18,16,32,"12ND093001",NA,"20201216T234629Z","RELEASE-2021"
"c41512b1-9e9e-482c-b4a4-e573c56ccb89","D09","WOOD","MEGAPT101002","9_WOODWORTH_PIT1","9_WOODWORTH_PIT1_2BK1","2Bk1",2012-09-18,2012-09-18,32,58,"12ND093001",NA,"20201216T234629Z","RELEASE-2021"
"9bef524f-d684-4621-909c-33fb785ceec3","D10","CPER","MEGAPT100967","10_CPER_PIT1","10_CPER_PIT1_BT1","Bt1",2012-08-13,2012-08-13,30,54,"S12CO123001",NA,"20201216T233943Z","RELEASE-2021"
"5cd589a1-306e-4bd3-8be8-23d88653a599","D10","CPER","MEGAPT100967","10_CPER_PIT1","10_CPER_PIT1_BA","BA",2012-08-13,2012-08-13,10,30,"S12CO123001",NA,"20201216T233943Z","RELEASE-2021"
"ea756515-b1d2-4977-bb62-a4b9d5dee31b","D10","CPER","MEGAPT100967","10_CPER_PIT1","10_CPER_PIT1_BT2","Bt2",2012-08-13,2012-08-13,54,81,"S12CO123001",NA,"20201216T233943Z","RELEASE-2021"
"fde8d650-c32d-470c-a3af-7911bbb80418","D10","CPER","MEGAPT100967","10_CPER_PIT1","10_CPER_PIT1_BK2","Bk2",2012-08-13,2012-08-13,137,181,"S12CO123001",NA,"20201216T233943Z","RELEASE-2021"
"9317a6fc-ecbd-49bf-b2c5-6a6a468ad01c","D10","CPER","MEGAPT100967","10_CPER_PIT1","10_CPER_PIT1_2C","2C",2012-08-13,2012-08-13,181,210,"S12CO123001",NA,"20201216T233943Z","RELEASE-2021"
"0fb0857e-99fa-4975-9722-07ee69fae4c9","D10","CPER","MEGAPT100967","10_CPER_PIT1","10_CPER_PIT1_BK1","Bk1",2012-08-13,2012-08-13,81,137,"S12CO123001",NA,"20201216T233943Z","RELEASE-2021"
"f187cf94-8f9b-4034-853f-fb30449ca928","D10","CPER","MEGAPT100967","10_CPER_PIT1","10_CPER_PIT1_A","A",2012-08-13,2012-08-13,0,10,"S12CO123001",NA,"20201216T233943Z","RELEASE-2021"
"1aeb0aa6-812a-450d-bf8e-e7c062d8345f","D10","RMNP","MEGAPT100990","10_CASTNET_PIT1","10_CASTNET_PIT1_C","C",2013-05-31,2013-05-31,84,123,"2013CO069001",NA,"20201217T032425Z","RELEASE-2021"
"c27b3845-94c8-4867-a508-a9ed7e3ce6a8","D10","RMNP","MEGAPT100990","10_CASTNET_PIT1","10_CASTNET_PIT1_C/B","C/B",2013-05-31,2013-05-31,33,84,"2013CO069001",NA,"20201217T032425Z","RELEASE-2021"
"228ec966-bb72-48b7-98d1-3a72b6cd800b","D10","RMNP","MEGAPT100990","10_CASTNET_PIT1","10_CASTNET_PIT1_R","R",2013-05-31,2013-05-31,198,200,"2013CO069001",NA,"20201217T032425Z","RELEASE-2021"
"0f1ebe92-c51b-4e87-b72c-201b14be4655","D10","RMNP","MEGAPT100990","10_CASTNET_PIT1","10_CASTNET_PIT1_AB","AB",2013-05-31,2013-05-31,10,33,"2013CO069001",NA,"20201217T032425Z","RELEASE-2021"
"bcfcbad5-e4b9-4ef3-9bce-36eee885f54a","D10","RMNP","MEGAPT100990","10_CASTNET_PIT1","10_CASTNET_PIT1_CR","Cr",2013-05-31,2013-05-31,123,198,"2013CO069001",NA,"20201217T032425Z","RELEASE-2021"
"0a1d2605-6a8f-4949-b83f-ffa07ce27819","D10","RMNP","MEGAPT100990","10_CASTNET_PIT1","10_CASTNET_PIT1_A","A",2013-05-31,2013-05-31,0,10,"2013CO069001",NA,"20201217T032425Z","RELEASE-2021"
"e9e464ef-8a2c-4bbd-b381-6e04b36c8c19","D10","STER","MEGAPT100997","10_STERLING_PIT1","10_STERLING_PIT1_C1","C1",2013-04-08,2013-04-08,121,159,"S2013CO075001",NA,"20201217T014504Z","RELEASE-2021"
"456ec284-7e92-4d68-8df2-f4d9c21ae606","D10","STER","MEGAPT100997","10_STERLING_PIT1","10_STERLING_PIT1_BT","Bt",2013-04-08,2013-04-08,28,70,"S2013CO075001",NA,"20201217T014504Z","RELEASE-2021"
"13ee66e5-3385-4400-b756-5e76b4088b87","D10","STER","MEGAPT100997","10_STERLING_PIT1","10_STERLING_PIT1_AP2","Ap2",2013-04-08,2013-04-08,11,28,"S2013CO075001",NA,"20201217T014504Z","RELEASE-2021"
"a5f620e2-f13c-49c5-80a4-7cef9378ebca","D10","STER","MEGAPT100997","10_STERLING_PIT1","10_STERLING_PIT1_BTK","Btk",2013-04-08,2013-04-08,70,121,"S2013CO075001",NA,"20201217T014504Z","RELEASE-2021"
"c58cf65f-0363-4e08-bb1e-9f9041f7664e","D10","STER","MEGAPT100997","10_STERLING_PIT1","10_STERLING_PIT1_C2","C2",2013-04-08,2013-04-08,159,213,"S2013CO075001",NA,"20201217T014504Z","RELEASE-2021"
"c4f5e596-bd43-4ee2-8709-67144c3a18ea","D10","STER","MEGAPT100997","10_STERLING_PIT1","10_STERLING_PIT1_AP1","Ap1",2013-04-08,2013-04-08,0,11,"S2013CO075001",NA,"20201217T014504Z","RELEASE-2021"
"8e25c32d-077a-430d-bc18-1a1a7e8caec5","D11","CLBJ","MEGAPT100966","11_CLBJ_PIT1","11_CLBJ_PIT1_BT1","Bt1",2016-05-09,2016-05-09,34,71,"S2016TX497001",NA,"20201217T154655Z","RELEASE-2021"
"dcce0117-2778-4760-8681-2f518518e3dc","D11","CLBJ","MEGAPT100966","11_CLBJ_PIT1","11_CLBJ_PIT1_E","E",2016-05-09,2016-05-09,21,34,"S2016TX497001",NA,"20201217T154655Z","RELEASE-2021"
"bbdecf1d-f19b-4c74-8705-0f64a948694e","D11","CLBJ","MEGAPT100966","11_CLBJ_PIT1","11_CLBJ_PIT1_BT3","Bt3",2016-05-09,2016-05-09,89,122,"S2016TX497001",NA,"20201217T154655Z","RELEASE-2021"
"6cd449d9-6eae-407c-bccb-43bb8c8a0a12","D11","CLBJ","MEGAPT100966","11_CLBJ_PIT1","11_CLBJ_PIT1_CD","Cd",2016-05-09,2016-05-09,122,147,"S2016TX497001","Wavy organic staining from ~135-143cm. Stopped digging at 147cm due to potential pit collapse.","20201217T154655Z","RELEASE-2021"
"b29c58af-bacc-473e-9b92-496674dcca2f","D11","CLBJ","MEGAPT100966","11_CLBJ_PIT1","11_CLBJ_PIT1_A","A",2016-05-09,2016-05-09,0,21,"S2016TX497001","Litter+duff layer present but <1cm thick","20201217T154655Z","RELEASE-2021"
"2763fb93-860b-454a-9d63-de54272f4ee1","D11","CLBJ","MEGAPT100966","11_CLBJ_PIT1","11_CLBJ_PIT1_BT2","Bt2",2016-05-09,2016-05-09,71,89,"S2016TX497001",NA,"20201217T154655Z","RELEASE-2021"
"78df3e00-770d-4b80-904b-45b997450093","D11","OAES","MEGAPT100986","11_KLEMME_PIT1","11_KLEMME_PIT1_R","R",2013-02-19,2013-02-19,46,46,"S2013OK149001",NA,"20201217T014431Z","RELEASE-2021"
"7cb842cd-6e8e-45ed-92e0-02f8d4c95995","D11","OAES","MEGAPT100986","11_KLEMME_PIT1","11_KLEMME_PIT1_CR1","CR1",2013-02-19,2013-02-19,20,31,"S2013OK149001",NA,"20201217T014431Z","RELEASE-2021"
"b9be1290-86f6-4390-a977-13d732bb0d60","D11","OAES","MEGAPT100986","11_KLEMME_PIT1","11_KLEMME_PIT1_BW","Bw",2013-02-19,2013-02-19,8,20,"S2013OK149001",NA,"20201217T014431Z","RELEASE-2021"
"4a034b95-ec92-4207-8ffb-74cd0c159676","D11","OAES","MEGAPT100986","11_KLEMME_PIT1","11_KLEMME_PIT1_CR2","CR2",2013-02-19,2013-02-19,31,46,"S2013OK149001",NA,"20201217T014431Z","RELEASE-2021"
"f510becd-5db1-4435-8b52-242cc7026ac8","D11","OAES","MEGAPT100986","11_KLEMME_PIT1","11_KLEMME_PIT1_A","A",2013-02-19,2013-02-19,0,8,"S2013OK149001",NA,"20201217T014431Z","RELEASE-2021"
"e5d1ae53-ffa9-49fa-88a1-57d51e1ae9a1","D12","YELL","MEGAPT101003","12_YELL_PIT1","12_YELL_PIT1_BTK1","Btk1",2018-07-11,2018-07-11,67,98,"S2018WY029001",NA,"20201218T134226Z","RELEASE-2021"
"c000fb89-65af-48ff-a165-b8facf40ad0f","D12","YELL","MEGAPT101003","12_YELL_PIT1","12_YELL_PIT1_BTK3","Btk3",2018-07-11,2018-07-11,126,161,"S2018WY029001",NA,"20201218T134226Z","RELEASE-2021"
"cb88ec42-dd51-4ad5-9533-a9b71a9099c9","D12","YELL","MEGAPT101003","12_YELL_PIT1","12_YELL_PIT1_BTK2","Btk2",2018-07-11,2018-07-11,98,126,"S2018WY029001",NA,"20201218T134226Z","RELEASE-2021"
"6fc9863a-1c8d-41e0-afa5-92d2906e5e17","D12","YELL","MEGAPT101003","12_YELL_PIT1","12_YELL_PIT1_BT2","Bt2",2018-07-11,2018-07-11,45,67,"S2018WY029001",NA,"20201218T134226Z","RELEASE-2021"
"3b6d02e9-71d7-4d70-9dd9-ebc028249aab","D12","YELL","MEGAPT101003","12_YELL_PIT1","12_YELL_PIT1_BT1","Bt1",2018-07-11,2018-07-11,4,29,"S2018WY029001",NA,"20201218T134226Z","RELEASE-2021"
"688e1504-0852-4cf8-8dff-a2fe8071156f","D12","YELL","MEGAPT101003","12_YELL_PIT1","12_YELL_PIT1_BW","Bw",2018-07-11,2018-07-11,29,45,"S2018WY029001",NA,"20201218T134226Z","RELEASE-2021"
"a9af707b-f808-463d-b0cc-d0bdb0cba4d9","D12","YELL","MEGAPT101003","12_YELL_PIT1","12_YELL_PIT1_BTK4","Btk4",2018-07-11,2018-07-11,161,200,"S2018WY029001",NA,"20201218T134226Z","RELEASE-2021"
"c4c1602c-37a0-4bdc-b9a4-1e5607676e0a","D12","YELL","MEGAPT101003","12_YELL_PIT1","12_YELL_PIT1_A","A",2018-07-11,2018-07-11,0,4,"S2018WY029001",NA,"20201218T134226Z","RELEASE-2021"
"05b66cd8-499d-4a3c-9ac5-d3523f28651d","D13","MOAB","MEGAPT100983","13_MOAB_PIT1","13_MOAB_PIT1_C1","C1",2014-02-24,2014-02-24,116,160,"S2014UT037001","Illuvial sediment deposits; rocks present.","20201217T040318Z","RELEASE-2021"
"ad7a9035-df2c-461f-ada3-529d8943a3d4","D13","MOAB","MEGAPT100983","13_MOAB_PIT1","13_MOAB_PIT1_CK","Ck",2014-02-24,2014-02-24,82,116,"S2014UT037001","Calcium carbonate building up on the bottom of rocks.","20201217T040318Z","RELEASE-2021"
"03973b79-8348-4ce6-93ea-dfdf68855aab","D13","MOAB","MEGAPT100983","13_MOAB_PIT1","13_MOAB_PIT1_A","A",2014-02-24,2014-02-24,0,6,"S2014UT037001",NA,"20201217T040318Z","RELEASE-2021"
"6e27a141-a93e-46a9-8774-187c28b0f09c","D13","MOAB","MEGAPT100983","13_MOAB_PIT1","13_MOAB_PIT1_BK1","Bk1",2014-02-24,2014-02-24,31,47,"S2014UT037001","Calcium carbonate building up on the bottom of rocks.","20201217T040318Z","RELEASE-2021"
"4900a959-353d-45a4-8035-6a8ea2797841","D13","MOAB","MEGAPT100983","13_MOAB_PIT1","13_MOAB_PIT1_BK3","Bk3",2014-02-24,2014-02-24,62,82,"S2014UT037001","Calcium carbonate building up on the bottom of rocks.","20201217T040318Z","RELEASE-2021"
"ffebd37f-a671-4986-8ef4-4e766683af9a","D13","MOAB","MEGAPT100983","13_MOAB_PIT1","13_MOAB_PIT1_C2","C2",2014-02-24,2014-02-24,160,200,"S2014UT037001","Eolian sediment; 0/few rocks","20201217T040318Z","RELEASE-2021"
"c0d93e7a-c253-419c-927a-3e3cbd843f19","D13","MOAB","MEGAPT100983","13_MOAB_PIT1","13_MOAB_PIT1_BW","Bw",2014-02-24,2014-02-24,6,31,"S2014UT037001",NA,"20201217T040318Z","RELEASE-2021"
"c012f873-4fcd-433d-bace-43763e3426dc","D13","MOAB","MEGAPT100983","13_MOAB_PIT1","13_MOAB_PIT1_BK2","Bk2",2014-02-24,2014-02-24,47,62,"S2014UT037001","Calcium carbonate building up on the bottom of rocks.","20201217T040318Z","RELEASE-2021"
"ec00f066-f338-442c-98f1-b64f71a3430b","D13","NIWO","MEGAPT100984","13_NIWOT_PIT1","13_NIWOT_PIT1_A2","A2",2014-08-19,2014-08-19,14,30,"2014CO013001",NA,"20201217T043023Z","RELEASE-2021"
"0d199345-4939-42f9-98c6-d8ddfdf4f510","D13","NIWO","MEGAPT100984","13_NIWOT_PIT1","13_NIWOT_PIT1_2C/CR","2C/Cr",2014-08-19,2014-08-19,110,200,"2014CO013001",NA,"20201217T043023Z","RELEASE-2021"
"211d4a2d-e467-4885-a34b-6eb03c9589ee","D13","NIWO","MEGAPT100984","13_NIWOT_PIT1","13_NIWOT_PIT1_BW1","Bw1",2014-08-19,2014-08-19,30,49,"2014CO013001",NA,"20201217T043023Z","RELEASE-2021"
"87a2ed37-b6db-473b-833a-bf87c48894d1","D13","NIWO","MEGAPT100984","13_NIWOT_PIT1","13_NIWOT_PIT1_BW2","Bw2",2014-08-19,2014-08-19,49,79,"2014CO013001",NA,"20201217T043023Z","RELEASE-2021"
"7c8cc4a1-52c5-4de0-92f7-cdf34478dbc7","D13","NIWO","MEGAPT100984","13_NIWOT_PIT1","13_NIWOT_PIT1_2C","2C",2014-08-19,2014-08-19,79,110,"2014CO013001",NA,"20201217T043023Z","RELEASE-2021"
"d7d6c071-e9a3-469d-be82-057aec0ada6f","D13","NIWO","MEGAPT100984","13_NIWOT_PIT1","13_NIWOT_PIT1_A1","A1",2014-08-19,2014-08-19,0,14,"2014CO013001",NA,"20201217T043023Z","RELEASE-2021"
"58a709ba-5555-4cc7-b7cf-b1fe9434968d","D14","JORN","MEGAPT100976","14_JORNADA_PIT1","14_JORNADA_PIT1_2BKKM","2Bkkm",2013-03-05,2013-03-05,78,110,"S2013NM0135000",NA,"20201217T033413Z","RELEASE-2021"
"15a78518-670e-4215-90d3-c096e037613c","D14","JORN","MEGAPT100976","14_JORNADA_PIT1","14_JORNADA_PIT1_A","A",2013-03-05,2013-03-05,0,18,"S2013NM0135000",NA,"20201217T033413Z","RELEASE-2021"
"8ab8374e-2516-4eee-8bab-4b59ae765670","D14","JORN","MEGAPT100976","14_JORNADA_PIT1","14_JORNADA_PIT1_2BKK1","2Bkk1",2013-03-05,2013-03-05,110,173,"S2013NM0135000",NA,"20201217T033413Z","RELEASE-2021"
"3c065342-ef36-4c84-bc37-c6108a79cfe4","D14","JORN","MEGAPT100976","14_JORNADA_PIT1","14_JORNADA_PIT1_2BKK2","2Bkk2",2013-03-05,2013-03-05,173,200,"S2013NM0135000",NA,"20201217T033413Z","RELEASE-2021"
"debfa2f6-381e-488e-b90b-946937bb3876","D14","JORN","MEGAPT100976","14_JORNADA_PIT1","14_JORNADA_PIT1_2BK","2Bk",2013-03-05,2013-03-05,46,78,"S2013NM0135000",NA,"20201217T033413Z","RELEASE-2021"
"dbfc0ef5-5c28-4b38-b11d-a56fc9d2f69f","D14","JORN","MEGAPT100976","14_JORNADA_PIT1","14_JORNADA_PIT1_BW","Bw",2013-03-05,2013-03-05,18,46,"S2013NM0135000",NA,"20201217T033413Z","RELEASE-2021"
"a69ebde2-522c-4556-8a6d-4b129fa21561","D14","SRER","MEGAPT100995","D14_SRER_PIT1","D14_SRER_PIT1_2BK","2Bk",2013-11-04,2013-11-04,132,203,"S2014AZ019001",NA,"20201217T032302Z","RELEASE-2021"
"abcb2031-e2e8-4d91-aadf-bb1f7d7cb38f","D14","SRER","MEGAPT100995","D14_SRER_PIT1","D14_SRER_PIT1_BW","Bw",2013-11-04,2013-11-04,5,41,"S2014AZ019001",NA,"20201217T032302Z","RELEASE-2021"
"e6f99665-222a-447b-b3b2-e25010c1640e","D14","SRER","MEGAPT100995","D14_SRER_PIT1","D14_SRER_PIT1_BK1","Bk1",2013-11-04,2013-11-04,41,79,"S2014AZ019001",NA,"20201217T032302Z","RELEASE-2021"
"46b97e7a-649d-4045-969e-e3efdded0ec0","D14","SRER","MEGAPT100995","D14_SRER_PIT1","D14_SRER_PIT1_A","A",2013-11-04,2013-11-04,0,5,"S2014AZ019001",NA,"20201217T032302Z","RELEASE-2021"
"7b884726-3cc4-4d45-93c1-4bedb654435d","D14","SRER","MEGAPT100995","D14_SRER_PIT1","D14_SRER_PIT1_BK2","Bk2",2013-11-04,2013-11-04,79,132,"S2014AZ019001","very rocky horizon; variably deposited across landscape","20201217T032302Z","RELEASE-2021"
"95d53e52-604d-4d04-a682-fd37a1c6fb97","D15","ONAQ","MEGAPT100987","15_ONAQUI_PIT1","15_ONAQUI_PIT1_BW","Bw",2014-06-02,2014-06-02,12,66,"14UT611001RJL",NA,"20201217T033928Z","RELEASE-2021"
"22c9e457-1ce5-4116-a497-d323f7e2fce7","D15","ONAQ","MEGAPT100987","15_ONAQUI_PIT1","15_ONAQUI_PIT1_A2","A2",2014-06-02,2014-06-02,4,12,"14UT611001RJL",NA,"20201217T033928Z","RELEASE-2021"
"b3ee3915-b7ce-414b-aea8-e8bc88103d49","D15","ONAQ","MEGAPT100987","15_ONAQUI_PIT1","15_ONAQUI_PIT1_3CBK3","3CBk3",2014-06-02,2014-06-02,196,200,"14UT611001RJL",NA,"20201217T033928Z","RELEASE-2021"
"9df79357-195e-4eab-8e98-fcffd89896a2","D15","ONAQ","MEGAPT100987","15_ONAQUI_PIT1","15_ONAQUI_PIT1_2CBK1","2CBk1",2014-06-02,2014-06-02,156,165,"14UT611001RJL",NA,"20201217T033928Z","RELEASE-2021"
"1198bf53-9fd9-42cc-866f-babe0980e889","D15","ONAQ","MEGAPT100987","15_ONAQUI_PIT1","15_ONAQUI_PIT1_A1","A1",2014-06-02,2014-06-02,0,4,"14UT611001RJL",NA,"20201217T033928Z","RELEASE-2021"
"eaa79760-2998-4b79-b011-a00144052fc0","D15","ONAQ","MEGAPT100987","15_ONAQUI_PIT1","15_ONAQUI_PIT1_2CBK2","2CBk2",2014-06-02,2014-06-02,165,178,"14UT611001RJL",NA,"20201217T033928Z","RELEASE-2021"
"8dec0574-1fe8-4067-9200-4bda8deff3fc","D15","ONAQ","MEGAPT100987","15_ONAQUI_PIT1","15_ONAQUI_PIT1_2BKM","2Bkm",2014-06-02,2014-06-02,178,196,"14UT611001RJL",NA,"20201217T033928Z","RELEASE-2021"
"9f59d59a-fd4a-4d85-b37f-c2a31b1682da","D15","ONAQ","MEGAPT100987","15_ONAQUI_PIT1","15_ONAQUI_PIT1_BK","Bk",2014-06-02,2014-06-02,66,156,"14UT611001RJL",NA,"20201217T033928Z","RELEASE-2021"
"affc44f1-e8f9-4714-86cb-c2fa211c2185","D16","ABBY","MEGAPT102179","D16_ABBY_PIT1","16_ABBY_PIT1_BW1","Bw1",2015-06-01,2015-06-01,44,74,"2015WA011001",NA,"20201217T052720Z","RELEASE-2021"
"72d500cb-2359-40f6-a603-ea589f5fef60","D16","ABBY","MEGAPT102179","D16_ABBY_PIT1","16_ABBY_PIT1_2BW2","2Bw2",2015-06-01,2015-06-01,74,103,"2015WA011001",NA,"20201217T052720Z","RELEASE-2021"
"0e2ef23a-3161-4273-8b77-be843c441adb","D16","ABBY","MEGAPT102179","D16_ABBY_PIT1","16_ABBY_PIT1_A","A",2015-06-01,2015-06-01,3,19,"2015WA011001",NA,"20201217T052720Z","RELEASE-2021"
"4c1389bd-c273-4d1f-b135-4688dc0744cc","D16","ABBY","MEGAPT102179","D16_ABBY_PIT1","16_ABBY_PIT1_AB","AB",2015-06-01,2015-06-01,19,44,"2015WA011001",NA,"20201217T052720Z","RELEASE-2021"
"d6f35d24-9f9f-4250-ac67-7d02b39d227f","D16","ABBY","MEGAPT102179","D16_ABBY_PIT1","16_ABBY_PIT1_2BC","2BC",2015-06-01,2015-06-01,103,131,"2015WA011001",NA,"20201217T052720Z","RELEASE-2021"
"43c36488-cd9d-417b-a865-5ef68946ab67","D16","ABBY","MEGAPT102179","D16_ABBY_PIT1","16_ABBY_PIT1_OI","Oi",2015-06-01,2015-06-01,0,3,"2015WA011001",NA,"20201217T052720Z","RELEASE-2021"
"ffd822b5-cb90-4729-9595-d548f834e04c","D16","ABBY","MEGAPT102179","D16_ABBY_PIT1","16_ABBY_PIT1_2C","2C",2015-06-01,2015-06-01,131,200,"2015WA011001",NA,"20201217T052720Z","RELEASE-2021"
"7dc59e15-a027-47f7-a8dd-28d31ea70812","D16","WREF","MEGAPT112745","D16_WREF_PIT1","16_WREF_PIT1_2C1","2C1",2017-09-26,2017-09-26,94,136,"2017WA059001_MP",NA,"20201217T225924Z","RELEASE-2021"
"80d47998-fa2c-4f43-967a-77179c040854","D16","WREF","MEGAPT112745","D16_WREF_PIT1","16_WREF_PIT1_BW","Bw",2017-09-26,2017-09-26,50,80,"2017WA059001_MP",NA,"20201217T225924Z","RELEASE-2021"
"c3ad3588-1dcb-4efa-ab92-532eeb08de92","D16","WREF","MEGAPT112745","D16_WREF_PIT1","16_WREF_PIT1_OA","Oa",2017-09-26,2017-09-26,3,9,"2017WA059001_MP",NA,"20201217T225924Z","RELEASE-2021"
"efa39da6-01fd-4a32-ba13-066144a858bf","D16","WREF","MEGAPT112745","D16_WREF_PIT1","16_WREF_PIT1_2C2","2C2",2017-09-26,2017-09-26,136,162,"2017WA059001_MP",NA,"20201217T225924Z","RELEASE-2021"
"bd00946c-742b-4a4a-aeae-717d99cc2589","D16","WREF","MEGAPT112745","D16_WREF_PIT1","16_WREF_PIT1_AC","Ac",2017-09-26,2017-09-26,9,50,"2017WA059001_MP",NA,"20201217T225924Z","RELEASE-2021"
"4ef2ecf7-342f-48b0-b74f-a69cfb1aa14e","D16","WREF","MEGAPT112745","D16_WREF_PIT1","16_WREF_PIT1_3AB","3AB",2017-09-26,2017-09-26,162,178,"2017WA059001_MP",NA,"20201217T225924Z","RELEASE-2021"
"ff262075-d13b-4ad4-a3c1-67c1e7296175","D16","WREF","MEGAPT112745","D16_WREF_PIT1","16_WREF_PIT1_BC","BC",2017-09-26,2017-09-26,80,94,"2017WA059001_MP",NA,"20201217T225924Z","RELEASE-2021"
"2103cd03-fa9c-4bfb-8344-b84eabf6c72f","D16","WREF","MEGAPT112745","D16_WREF_PIT1","16_WREF_PIT1_OI","Oi",2017-09-26,2017-09-26,0,3,"2017WA059001_MP",NA,"20201217T225924Z","RELEASE-2021"
"c549b45a-4637-425b-90e8-36e440f234ab","D16","WREF","MEGAPT112745","D16_WREF_PIT1","16_WREF_PIT1_3CG","3Cg",2017-09-26,2017-09-26,178,200,"2017WA059001_MP",NA,"20201217T225924Z","RELEASE-2021"
"4750a787-3d4f-42dd-869f-948ddf40ff31","D17","SJER","MEGAPT100994","D17_SJER_PIT1","D17_SJER_PIT1_CR","Cr",2016-11-15,2016-11-15,129,170,"S2016CA019003",NA,"20201217T173509Z","RELEASE-2021"
"a5e7c980-bc35-4f62-b6a8-03747f34c9ce","D17","SJER","MEGAPT100994","D17_SJER_PIT1","D17_SJER_PIT1_R","R",2016-11-15,2016-11-15,170,185,"S2016CA019003",NA,"20201217T173509Z","RELEASE-2021"
"4cf2cb91-cdb7-4123-b43d-00d3d4632aec","D17","SJER","MEGAPT100994","D17_SJER_PIT1","D17_SJER_PIT1_A1","A1",2016-11-15,2016-11-15,0,8,"S2016CA019003",NA,"20201217T173509Z","RELEASE-2021"
"602fd9c2-a0cf-40ca-b5b2-eead88cb4943","D17","SJER","MEGAPT100994","D17_SJER_PIT1","D17_SJER_PIT1_BW","Bw",2016-11-15,2016-11-15,57,81,"S2016CA019003",NA,"20201217T173509Z","RELEASE-2021"
"976f9544-7374-4521-b71d-7f23bc62fc47","D17","SJER","MEGAPT100994","D17_SJER_PIT1","D17_SJER_PIT1_BA","BA",2016-11-15,2016-11-15,34,57,"S2016CA019003",NA,"20201217T173509Z","RELEASE-2021"
"89d3e2f2-852a-474a-adbf-9ea283a3d442","D17","SJER","MEGAPT100994","D17_SJER_PIT1","D17_SJER_PIT1_A2","A2",2016-11-15,2016-11-15,8,34,"S2016CA019003",NA,"20201217T173509Z","RELEASE-2021"
"36a2430c-bee5-47c9-b99b-5185b5bcbb78","D17","SJER","MEGAPT100994","D17_SJER_PIT1","D17_SJER_PIT1_C","C",2016-11-15,2016-11-15,81,129,"S2016CA019003",NA,"20201217T173509Z","RELEASE-2021"
"0451b94f-8ccd-4f32-ba4f-92cfe85d1e1e","D17","SOAP","MEGAPT111415","D17_SOAP_PIT1","17_SOAP_PIT1_A1","A1",2016-08-15,2016-08-15,4,18,"S2016CA019003",NA,"20201217T152845Z","RELEASE-2021"
"779da28d-0b7f-41e9-9cf2-14832af5f8b2","D17","SOAP","MEGAPT111415","D17_SOAP_PIT1","17_SOAP_PIT1_2BT","2Bt3",2016-08-15,2016-08-15,136,213,"S2016CA019003",NA,"20201217T152845Z","RELEASE-2021"
"8a96cb61-df7f-42db-945f-2d413946a361","D17","SOAP","MEGAPT111415","D17_SOAP_PIT1","17_SOAP_PIT1_BT1","AB",2016-08-15,2016-08-15,32,52,"S2016CA019003",NA,"20201217T152845Z","RELEASE-2021"
"338d476f-c56e-4808-b281-d278d7c68d15","D17","SOAP","MEGAPT111415","D17_SOAP_PIT1","17_SOAP_PIT1_2C","2C",2016-08-15,2016-08-15,213,255,"S2016CA019003",NA,"20201217T152845Z","RELEASE-2021"
"d2bf62f6-032f-4d58-a1a9-8dc7686b3127","D17","SOAP","MEGAPT111415","D17_SOAP_PIT1","17_SOAP_PIT1_BT3","Bt2",2016-08-15,2016-08-15,91,136,"S2016CA019003",NA,"20201217T152845Z","RELEASE-2021"
"041481d5-7052-4168-a41a-15b09d72bef4","D17","SOAP","MEGAPT111415","D17_SOAP_PIT1","17_SOAP_PIT1_A2","A2",2016-08-15,2016-08-15,18,32,"S2016CA019003",NA,"20201217T152845Z","RELEASE-2021"
"30cbf151-6dfd-4650-8182-7885603a1182","D17","SOAP","MEGAPT111415","D17_SOAP_PIT1","17_SOAP_PIT1_OI/OE","Oi",2016-08-15,2016-08-15,0,4,"S2016CA019003",NA,"20201217T152845Z","RELEASE-2021"
"b83e8d40-6e71-4297-a025-72b359a0fe94","D17","SOAP","MEGAPT111415","D17_SOAP_PIT1","17_SOAP_PIT1_BT2","Bt1",2016-08-15,2016-08-15,52,91,"S2016CA019003",NA,"20201217T152845Z","RELEASE-2021"
"8379a7fe-4e12-48b8-8b96-3b1f67f8f40e","D17","TEAK","MEGAPT112298","D17_TEAK_PIT1","17_TEAK_PIT1_2C3","2AC",2016-08-09,2016-08-09,101,132,"S2016CA016002",NA,"20201217T162251Z","RELEASE-2021"
"02244ae5-269b-46b2-a6bf-81aabece1f6e","D17","TEAK","MEGAPT112298","D17_TEAK_PIT1","17_TEAK_PIT1_3C5","3C2",2016-08-09,2016-08-09,162,174,"S2016CA016002",NA,"20201217T162251Z","RELEASE-2021"
"53cec3f2-1ba4-405e-a63d-9c0b56b30d00","D17","TEAK","MEGAPT112298","D17_TEAK_PIT1","17_TEAK_PIT1_C1","A2",2016-08-09,2016-08-09,19,67,"S2016CA016002",NA,"20201217T162251Z","RELEASE-2021"
"df2d4ec4-c457-4d5d-8db9-d39268a6730d","D17","TEAK","MEGAPT112298","D17_TEAK_PIT1","17_TEAK_PIT1_A","A1",2016-08-09,2016-08-09,0,19,"S2016CA016002",NA,"20201217T162251Z","RELEASE-2021"
"b61e044f-65f1-4721-94a0-759308eabb2c","D17","TEAK","MEGAPT112298","D17_TEAK_PIT1","17_TEAK_PIT1_3CR","R",2016-08-09,2016-08-09,205,225,"S2016CA016002",NA,"20201217T162251Z","RELEASE-2021"
"fd93f12d-3a76-4aa3-b5e3-a447317c70ed","D17","TEAK","MEGAPT112298","D17_TEAK_PIT1","17_TEAK_PIT1_3C7","3C4",2016-08-09,2016-08-09,185,205,"S2016CA016002",NA,"20201217T162251Z","RELEASE-2021"
"55dad152-8291-4ef3-abc1-3fac2217e113","D17","TEAK","MEGAPT112298","D17_TEAK_PIT1","17_TEAK_PIT1_C2","A3",2016-08-09,2016-08-09,67,101,"S2016CA016002",NA,"20201217T162251Z","RELEASE-2021"
"25eef4f9-2b05-432a-b253-7eebc306bf5a","D17","TEAK","MEGAPT112298","D17_TEAK_PIT1","17_TEAK_PIT1_3C6","3C3",2016-08-09,2016-08-09,174,185,"S2016CA016002",NA,"20201217T162251Z","RELEASE-2021"
"f8aa2f77-9a44-4e86-9954-116ba59ce20d","D17","TEAK","MEGAPT112298","D17_TEAK_PIT1","17_TEAK_PIT1_2C4","2C1",2016-08-09,2016-08-09,132,162,"S2016CA016002",NA,"20201217T162251Z","RELEASE-2021"
"8ec78af6-81fe-4fe1-9c87-d546fd7bb529","D18","BARR","MEGAPT100964","D18_BARR_PIT1","D18_BARR_PIT1_CGJJ/OAJJ","Cgjj/Oajj",2016-05-14,2016-05-14,32,45,"S2016AK185002","Soil horizons described from intact frozen soil cores","20201217T145323Z","RELEASE-2021"
"abca85a6-49c6-450e-9c85-edeac39045e1","D18","BARR","MEGAPT100964","D18_BARR_PIT1","D18_BARR_PIT1_CGJJF2/OAJJF2","Cgjff/Oajjf",2016-05-14,2016-05-14,110,180,"S2016AK185002","Soil horizons described from intact frozen soil cores","20201217T145323Z","RELEASE-2021"
"c6c93a61-bc9e-45a6-98a7-75bafc9414e7","D18","BARR","MEGAPT100964","D18_BARR_PIT1","D18_BARR_PIT1_OA","Oa",2016-05-14,2016-05-14,7,32,"S2016AK185002","Soil horizons described from intact frozen cores. Insufficient material collected for a bulk density sample","20201217T145323Z","RELEASE-2021"
"a78d914a-f564-4bd7-beb7-94675fb8ac80","D18","BARR","MEGAPT100964","D18_BARR_PIT1","D18_BARR_PIT1_OE","Oe",2016-05-14,2016-05-14,0,7,"S2016AK185002","Soil horizons described from intact frozen cores. Insufficient material collected for a bulk density sample","20201217T145323Z","RELEASE-2021"
"86e8fb2a-e895-4661-ae7e-c2ab58dca97a","D18","BARR","MEGAPT100964","D18_BARR_PIT1","D18_BARR_PIT1_OAJJF1/CGJJF1","Oaf/Cgjjf",2016-05-14,2016-05-14,58,110,"S2016AK185002","Soil horizons described from intact frozen soil cores","20201217T145323Z","RELEASE-2021"
"846615e7-7afd-47c8-bf87-c4998300d7a9","D18","BARR","MEGAPT100964","D18_BARR_PIT1","D18_BARR_PIT1_WF","Wf",2016-05-14,2016-05-14,45,58,"S2016AK185002","Frozen water layer. Soil horizons described from intact frozen soil cores","20201217T145323Z","RELEASE-2021"
"5cc236ff-1237-4c19-9aa6-9f4b7643015a","D18","TOOL","MEGAPT106787","D18_TOOL_PIT1","D18_TOOL_PIT1_OA","Oa",2016-04-20,2016-04-20,17,21,"S2016AK185001","Soil horizons described from intact frozen cores. Insufficient material collected for a bulk density or archive sample","20201217T164542Z","RELEASE-2021"
"51da8372-ac7d-43c7-849d-41fb5d7c06c8","D18","TOOL","MEGAPT106787","D18_TOOL_PIT1","D18_TOOL_PIT1_OE","Oe",2016-04-20,2016-04-20,6,17,"S2016AK185001","Soil horizons described from intact frozen cores. Insufficient material collected for a bulk density or archive sample","20201217T164542Z","RELEASE-2021"
"7fe2228f-7e1f-4f6e-9f92-93bd9b9ce752","D18","TOOL","MEGAPT106787","D18_TOOL_PIT1","D18_TOOL_PIT1_OI","Oi",2016-04-20,2016-04-20,0,6,"S2016AK185001","Soil horizons described from intact frozen cores. Insufficient material collected for a bulk density or archive sample","20201217T164542Z","RELEASE-2021"
"4650531e-fb75-4d02-b4af-0f51ed39420e","D18","TOOL","MEGAPT106787","D18_TOOL_PIT1","D18_TOOL_PIT1_CG","Cg",2016-04-20,2016-04-20,45,73,"S2016AK185001","Soil horizons described from intact frozen soil cores. Insufficient material for an archive sample","20201217T164542Z","RELEASE-2021"
"b81bb9ef-bcb6-40c0-b9b6-dec3be075a16","D18","TOOL","MEGAPT106787","D18_TOOL_PIT1","D18_TOOL_PIT1_BG","Bg",2016-04-20,2016-04-20,21,45,"S2016AK185001","Soil horizons described from intact frozen soil cores","20201217T164542Z","RELEASE-2021"
"2fdde513-d497-48e6-b467-c9c0f9ec8277","D19","BONA","MEGAPT112075","D19_BONA_PIT1","D19_BONA_PIT1_CGF2","Cgf2",2017-03-20,2017-03-20,88,131,"S2017AK090001_MP","Soil horizons described from intact frozen soil cores","20201217T225450Z","RELEASE-2021"
"1f7ac609-7f8c-40ae-a360-c15b7c0d2f83","D19","BONA","MEGAPT112075","D19_BONA_PIT1","D19_BONA_PIT1_CGF3","Cgf3",2017-03-20,2017-03-20,131,193,"S2017AK090001_MP","Soil horizons described from intact frozen soil cores","20201217T225450Z","RELEASE-2021"
"8297386d-99eb-4233-a602-3b770818c9b3","D19","BONA","MEGAPT112075","D19_BONA_PIT1","D19_BONA_PIT1_OE","Oe",2017-03-20,2017-03-20,0,10,"S2017AK090001_MP","Soil horizons described from intact frozen soil cores","20201217T225450Z","RELEASE-2021"
"9938884f-5be4-45f6-88a8-75ae20c659af","D19","BONA","MEGAPT112075","D19_BONA_PIT1","D19_BONA_PIT1_CGF1","Cgf1",2017-03-20,2017-03-20,56,88,"S2017AK090001_MP","Soil horizons described from intact frozen soil cores","20201217T225450Z","RELEASE-2021"
"d78f8d97-cdc7-4b43-ad5b-844e78e870fd","D19","BONA","MEGAPT112075","D19_BONA_PIT1","D19_BONA_PIT1_OA","Oa",2017-03-20,2017-03-20,10,22,"S2017AK090001_MP","Soil horizons described from intact frozen soil cores","20201217T225450Z","RELEASE-2021"
"7bc3b6e8-59b0-4094-80db-58623e6d59a9","D19","BONA","MEGAPT112075","D19_BONA_PIT1","D19_BONA_PIT1_BG/OAJJ","Bg/Oajj",2017-03-20,2017-03-20,22,38,"S2017AK090001_MP","Soil horizons described from intact frozen soil cores","20201217T225450Z","RELEASE-2021"
"0a30f81a-d2c0-463a-bcd1-8f0033abc13b","D19","BONA","MEGAPT112075","D19_BONA_PIT1","D19_BONA_PIT1_CG","Cg",2017-03-20,2017-03-20,38,56,"S2017AK090001_MP","Soil horizons described from intact frozen soil cores","20201217T225450Z","RELEASE-2021"
"449178b9-fba0-4d7c-8667-8d7be684b3ae","D19","DEJU","MEGAPT103797","D19_DEJU_PIT1","19_DEJU_PIT1_OE","Oe",2015-07-28,2015-07-28,0,5,"S2015AK240001",NA,"20201217T053202Z","RELEASE-2021"
"7853aec7-6862-4e44-a0a7-d9c9c2deeafa","D19","DEJU","MEGAPT103797","D19_DEJU_PIT1","19_DEJU_PIT1_A","A",2015-07-28,2015-07-28,5,16,"S2015AK240001",NA,"20201217T053202Z","RELEASE-2021"
"bab98724-6f0b-4510-bf0f-83e1e1b80f3e","D19","DEJU","MEGAPT103797","D19_DEJU_PIT1","19_DEJU_PIT1_BC","BC",2015-07-28,2015-07-28,30,72,"S2015AK240001",NA,"20201217T053202Z","RELEASE-2021"
"8bd70df5-e8b2-4c85-bb93-d27a477d5e52","D19","DEJU","MEGAPT103797","D19_DEJU_PIT1","19_DEJU_PIT1_C","C",2015-07-28,2015-07-28,72,125,"S2015AK240001","Boundary between C and 2BC1 slopes downward to right of pit (125cm average). Pin marking boundary in photo is not at 125cm because of this.","20201217T053202Z","RELEASE-2021"
"7294853c-2ede-4340-a013-68f0f721036a","D19","DEJU","MEGAPT103797","D19_DEJU_PIT1","19_DEJU_PIT1_BW","Bw",2015-07-28,2015-07-28,16,30,"S2015AK240001",NA,"20201217T053202Z","RELEASE-2021"
"7a20a70e-d6cb-48b5-98bd-65ab58729599","D19","DEJU","MEGAPT103797","D19_DEJU_PIT1","19_DEJU_PIT1_2BC2","2BC2",2015-07-28,2015-07-28,210,300,"S2015AK240001",NA,"20201217T053202Z","RELEASE-2021"
"5beff8d7-70aa-4fce-93e2-c60b152ba6a9","D19","DEJU","MEGAPT103797","D19_DEJU_PIT1","19_DEJU_PIT1_2BC1","2BC1",2015-07-28,2015-07-28,125,210,"S2015AK240001","Boundary between C and 2BC1 slopes downward to right of pit (125cm average). Pin marking boundary in photo is not at 125cm because of this.","20201217T053202Z","RELEASE-2021"
"f59ab4f2-68af-49be-bb46-b13c8db6520f","D19","HEAL","MEGAPT100974","D19_HEAL_PIT1","D19_HEAL_PIT1_OE","Oe",2015-11-04,2015-11-04,9,22,"S2016AK068001_MP","Soil horizons described from intact frozen soil cores","20201217T054241Z","RELEASE-2021"
"6e4b3ff4-4c42-4f9a-af03-04acd29981e9","D19","HEAL","MEGAPT100974","D19_HEAL_PIT1","D19_HEAL_PIT1_OA","Oa",2015-11-04,2015-11-04,22,31,"S2016AK068001_MP","Soil horizons described from intact frozen soil cores","20201217T054241Z","RELEASE-2021"
"98fe075c-3243-40e5-b102-61a66a8340b4","D19","HEAL","MEGAPT100974","D19_HEAL_PIT1","D19_HEAL_PIT1_CJJF","Cjjf",2015-11-04,2015-11-04,50,84,"S2016AK068001_MP","Soil horizons described from intact frozen soil cores","20201217T054241Z","RELEASE-2021"
"4940b3d8-57bc-4ad3-86ef-8bc581c2b3bf","D19","HEAL","MEGAPT100974","D19_HEAL_PIT1","D19_HEAL_PIT1_A/CJJ","A/Cjj",2015-11-04,2015-11-04,31,50,"S2016AK068001_MP","Soil horizons described from intact frozen soil cores","20201217T054241Z","RELEASE-2021"
"ccc16d0e-c8cc-4f4f-b549-34241c34d147","D19","HEAL","MEGAPT100974","D19_HEAL_PIT1","D19_HEAL_PIT1_OI","Oi",2015-11-04,2015-11-04,0,9,"S2016AK068001_MP","Soil horizons described from intact frozen soil cores","20201217T054241Z","RELEASE-2021"
"d5430316-9bbc-4f41-8f35-a709680fadba","D20","PUUM","MEGAPT113656","D20_PUUM_PIT1","D20_PUUM_PIT1_2BW2","2Bw2",2018-06-25,2018-06-25,59,90,"S2018HI001001_MP","Horizons described from pit with horizontal dimensions of approximately 0.3 x 0.6 m","20201218T041158Z","RELEASE-2021"
"9eb07fac-02da-460e-993d-a9b9e16fb200","D20","PUUM","MEGAPT113656","D20_PUUM_PIT1","D20_PUUM_PIT1_A","A",2018-06-25,2018-06-25,2,17,"S2018HI001001_MP","Horizons described from pit with horizontal dimensions of approximately 0.3 x 0.6 m","20201218T041158Z","RELEASE-2021"
"1f72bcbc-3d89-4a91-9955-77370eb3f76d","D20","PUUM","MEGAPT113656","D20_PUUM_PIT1","D20_PUUM_PIT1_3C","3C",2018-06-25,2018-06-25,90,110,"S2018HI001001_MP","Horizons described from pit with horizontal dimensions of approximately 0.3 x 0.6 m","20201218T041158Z","RELEASE-2021"
"1b6e9109-d797-4f8b-a11e-3580765c5104","D20","PUUM","MEGAPT113656","D20_PUUM_PIT1","D20_PUUM_PIT1_2BW1","2Bw1",2018-06-25,2018-06-25,17,59,"S2018HI001001_MP","Horizons described from pit with horizontal dimensions of approximately 0.3 x 0.6 m","20201218T041158Z","RELEASE-2021"
"3c6bc40f-24fd-4c8f-ad75-08c242a06340","D20","PUUM","MEGAPT113656","D20_PUUM_PIT1","D20_PUUM_PIT1_OE","Oe",2018-06-25,2018-06-25,0,2,"S2018HI001001_MP","Horizons described from pit with horizontal dimensions of approximately 0.3 x 0.6 m","20201218T041158Z","RELEASE-2021"
