"uid","laboratoryName","processedDate","batchID","lipidID","analysisStandardID","lotNumber","analyteKnownValue","analyteObservedValue","analyteUnits","extractEffStdID","extractEffStdUnits","analyteStandardQF","dataQF","publicationDate"
"73ee051c-bec8-450a-ad45-e1118a7fb575",NA,2019-10-31,"20191031 Set 12_2","c16 30ug/ml","Supelco 37 component FAME mix, CRM47885 Supelco","LRAB5516",30,30.07,"mg/ml","c21:0Concentration","mg/ml",NA,NA,"20210123T023002Z"
"1fcf8170-277f-455d-adef-9e1a0e474722",NA,2019-10-31,"20191031 Set 12_2","c16 30ug/ml","Supelco 37 component FAME mix, CRM47885 Supelco","LRAB5516",30,30.58,"mg/ml","c21:0Concentration","mg/ml",NA,NA,"20210123T023002Z"
"ecaa5910-5499-4351-a0bb-5a99b318abfc",NA,2019-10-31,"20191031 Set 12_2","c16 30ug/ml","Supelco 37 component FAME mix, CRM47885 Supelco","LRAB5516",30,30.65,"mg/ml","c21:0Concentration","mg/ml",NA,NA,"20210123T023002Z"
"e3728244-c196-4920-b0b1-04208a98cf3d",NA,2019-10-31,"20191031 Set 12_2","c16 30ug/ml","Supelco 37 component FAME mix, CRM47885 Supelco","LRAB5516",30,30.86,"mg/ml","c21:0Concentration","mg/ml",NA,NA,"20210123T023002Z"
"770aba54-48ec-4805-9e7d-d9efd90fac79",NA,2019-10-31,"20191031 Set 12_2","c16 30ug/ml","Supelco 37 component FAME mix, CRM47885 Supelco","LRAB5516",30,30.52,"mg/ml","c21:0Concentration","mg/ml",NA,NA,"20210123T023002Z"
"de26fd30-ba81-4b13-9c8d-1b921d4e114e",NA,2019-04-22,"20190422 Set 8","c16 30ug/ml","Supelco 37 component FAME mix, CRM47885 Supelco","LRAB5516",30,30.09,"mg/ml",NA,NA,NA,NA,"20210123T023002Z"
"6f450a56-3b84-4cdb-85ad-f94ec4d8d3c9",NA,2019-04-22,"20190422 Set 8","c16 30ug/ml","Supelco 37 component FAME mix, CRM47885 Supelco","LRAB5516",30,28.78,"mg/ml","c21:0Concentration","mg/ml",NA,NA,"20210123T023002Z"
"4c0aa8e5-e6c9-4af7-9cb6-838b26087c1c",NA,2019-04-22,"20190422 Set 8","c16 30ug/ml","Supelco 37 component FAME mix, CRM47885 Supelco","LRAB5516",30,30.14,"mg/ml",NA,NA,NA,NA,"20210123T023002Z"
"d289e8b5-eb5b-4e1e-85f3-c10ffc2c0f2f",NA,2019-04-22,"20190422 Set 8","c16 30ug/ml","Supelco 37 component FAME mix, CRM47885 Supelco","LRAB5516",30,29.3,"mg/ml",NA,NA,NA,NA,"20210123T023002Z"
"99947868-07e2-4ae2-8c9b-605b7f70ea38",NA,2019-04-22,"20190422 Set 8","c16 30ug/ml","Supelco 37 component FAME mix, CRM47885 Supelco","LRAB5516",30,31.45,"mg/ml",NA,NA,NA,NA,"20210123T023002Z"
"3a570a2d-da88-443c-9b00-3009913d796b",NA,2019-04-22,"20190422 Set 8","c16 30ug/ml","Supelco 37 component FAME mix, CRM47885 Supelco","LRAB5516",30,29.95,"mg/ml",NA,NA,NA,NA,"20210123T023002Z"
"2d681568-c507-4b52-8aac-45a516377c15",NA,2019-04-22,"20190422 Set 8","c16 30ug/ml","Supelco 37 component FAME mix, CRM47885 Supelco","LRAB5516",30,31.36,"mg/ml",NA,NA,NA,NA,"20210123T023002Z"
"9b1edcdc-528d-4ce1-b260-0453f1660846",NA,2019-04-22,"20190422 Set 8","c16 30ug/ml","Supelco 37 component FAME mix, CRM47885 Supelco","LRAB5516",30,29.79,"mg/ml",NA,NA,NA,NA,"20210123T023002Z"
"aff27bf7-0366-4efb-81fd-9307ea1026ff",NA,2019-04-22,"20190422 Set 8","c16 30ug/ml","Supelco 37 component FAME mix, CRM47885 Supelco","LRAB5516",30,30.83,"mg/ml",NA,NA,NA,NA,"20210123T023002Z"
"1d05b190-a2d9-4b65-b79b-f97da6dc2d24",NA,2019-04-22,"20190422 Set 8","c16 30ug/ml","Supelco 37 component FAME mix, CRM47885 Supelco","LRAB5516",30,31.53,"mg/ml",NA,NA,NA,NA,"20210123T023002Z"
"87a896c2-0137-48eb-9b11-8ca31570f675",NA,2019-04-22,"20190422 Set 8","c16 30ug/ml","Supelco 37 component FAME mix, CRM47885 Supelco","LRAB5516",30,30.58,"mg/ml",NA,NA,NA,NA,"20210123T023002Z"
"c122ff5e-437e-4856-a7ce-da695aee65bc",NA,2019-02-18,"20190218 Set 3","c16 40ug/ml","Supelco 37 component FAME mix, CRM47885 Supelco","XA11420V",40,34.9,"mg/ml",NA,NA,NA,NA,"20210123T023002Z"
"1a80d37c-574a-4cb5-ac2b-e7c5cf0ce159",NA,2019-02-18,"20190218 Set 3","c16 40ug/ml","Supelco 37 component FAME mix, CRM47885 Supelco","XA11420V",40,36.31,"mg/ml",NA,NA,NA,NA,"20210123T023002Z"
"bb336f29-d46e-4c23-be72-cbf197d842dc",NA,2019-02-18,"20190218 Set 3","c16 40ug/ml","Supelco 37 component FAME mix, CRM47885 Supelco","XA11420V",40,36.78,"mg/ml","c21:0Concentration","mg/ml",NA,NA,"20210123T023002Z"
"a0edfb6a-ed1f-488f-97f1-df967e7156ba",NA,2019-02-18,"20190218 Set 3","c16 40ug/ml","Supelco 37 component FAME mix, CRM47885 Supelco","XA11420V",40,34.56,"mg/ml",NA,NA,NA,NA,"20210123T023002Z"
"2bd8b09d-4fa6-44c9-9b4f-1898543ea3d4",NA,2019-02-18,"20190218 Set 3","c16 40ug/ml","Supelco 37 component FAME mix, CRM47885 Supelco","XA11420V",40,36.49,"mg/ml",NA,NA,NA,NA,"20210123T023002Z"
"d4ad1269-b679-4f86-ad76-c3e2e380d423",NA,2019-02-18,"20190218 Set 3","c16 40ug/ml","Supelco 37 component FAME mix, CRM47885 Supelco","XA11420V",40,34.61,"mg/ml",NA,NA,NA,NA,"20210123T023002Z"
"8a7a01bc-0c26-49e2-83fb-a5f7768a6a4c",NA,2019-02-18,"20190218 Set 3","c16 40ug/ml","Supelco 37 component FAME mix, CRM47885 Supelco","XA11420V",40,34.77,"mg/ml",NA,NA,NA,NA,"20210123T023002Z"
"f59c436d-4370-424c-9be9-db8eef4aba7f",NA,2019-02-18,"20190218 Set 3","c16 40ug/ml","Supelco 37 component FAME mix, CRM47885 Supelco","XA11420V",40,34.53,"mg/ml",NA,NA,NA,NA,"20210123T023002Z"
"71550a16-4c74-4cbe-ad38-5a772bd9cfe9",NA,2019-02-18,"20190218 Set 3","c16 40ug/ml","Supelco 37 component FAME mix, CRM47885 Supelco","XA11420V",40,35.77,"mg/ml",NA,NA,NA,NA,"20210123T023002Z"
"d4581c83-62bd-4aef-b5db-02a71c813e5c",NA,2019-02-18,"20190218 Set 3","c16 40ug/ml","Supelco 37 component FAME mix, CRM47885 Supelco","XA11420V",40,35.7,"mg/ml",NA,NA,NA,NA,"20210123T023002Z"
"af3dbfa7-1488-4030-ba4b-cd450c4bdc76",NA,2019-02-18,"20190218 Set 3","c16 40ug/ml","Supelco 37 component FAME mix, CRM47885 Supelco","XA11420V",40,36.94,"mg/ml",NA,NA,NA,NA,"20210123T023002Z"
"6cc53f9e-907c-4575-a314-5bc6970e2aae",NA,2019-02-22,"20190222 Set 1 rerun","c16 40ug/ml","Supelco 37 component FAME mix, CRM47885 Supelco","XA11420V",40,35.45,"mg/ml",NA,NA,NA,NA,"20210123T023002Z"
"ef5e7612-36f2-49f2-af71-9fcf41853a10",NA,2019-02-22,"20190222 Set 1 rerun","c16 40ug/ml","Supelco 37 component FAME mix, CRM47885 Supelco","XA11420V",40,36.74,"mg/ml",NA,NA,NA,NA,"20210123T023002Z"
"4abe96fb-cc80-49cc-b3e8-2ddb1ad968b5",NA,2019-02-22,"20190222 Set 1 rerun","c16 40ug/ml","Supelco 37 component FAME mix, CRM47885 Supelco","XA11420V",40,35.6,"mg/ml",NA,NA,NA,NA,"20210123T023002Z"
"f73dfa72-f6df-480d-82e0-144150b6ce34",NA,2019-02-22,"20190222 Set 1 rerun","c16 40ug/ml","Supelco 37 component FAME mix, CRM47885 Supelco","XA11420V",40,37.53,"mg/ml",NA,NA,NA,NA,"20210123T023002Z"
"7c623ded-0bd3-430e-90ae-84225cca2950",NA,2019-02-22,"20190222 Set 1 rerun","c16 40ug/ml","Supelco 37 component FAME mix, CRM47885 Supelco","XA11420V",40,35.98,"mg/ml",NA,NA,NA,NA,"20210123T023002Z"
"358c3fb7-68a7-4e94-9c60-1763e1bbdee8",NA,2019-02-22,"20190222 Set 1 rerun","c16 40ug/ml","Supelco 37 component FAME mix, CRM47885 Supelco","XA11420V",40,35.47,"mg/ml",NA,NA,NA,NA,"20210123T023002Z"
"c5845926-1350-4eba-8565-99890a7946d9",NA,2019-02-22,"20190222 Set 1 rerun","c16 40ug/ml","Supelco 37 component FAME mix, CRM47885 Supelco","XA11420V",40,37.69,"mg/ml","c21:0Concentration","mg/ml",NA,NA,"20210123T023002Z"
"4e279369-c02c-4077-8628-77b2d63dea84",NA,2019-02-22,"20190222 Set 1 rerun","c16 40ug/ml","Supelco 37 component FAME mix, CRM47885 Supelco","XA11420V",40,36.78,"mg/ml",NA,NA,NA,NA,"20210123T023002Z"
"42f81e11-eed1-490b-a56c-47efcda1ac53",NA,2019-02-22,"20190222 Set 1 rerun","c16 40ug/ml","Supelco 37 component FAME mix, CRM47885 Supelco","XA11420V",40,36.05,"mg/ml",NA,NA,NA,NA,"20210123T023002Z"
"d3147da1-9ae4-4b79-8af5-ba59834bddde",NA,2019-02-22,"20190222 Set 1 rerun","c16 40ug/ml","Supelco 37 component FAME mix, CRM47885 Supelco","XA11420V",40,37.73,"mg/ml",NA,NA,NA,NA,"20210123T023002Z"
"17fdaed1-7e96-49fe-b398-35bf57ef2ee9",NA,2019-02-22,"20190222 Set 1 rerun","c16 40ug/ml","Supelco 37 component FAME mix, CRM47885 Supelco","XA11420V",40,37.42,"mg/ml",NA,NA,NA,NA,"20210123T023002Z"
"2dea0359-0154-4939-90d8-1f10d0d4379b",NA,2018-03-14,"Neon-1-1_GCMSresults_20180314","c21:0 / 1,2-diheneicosanoyl-sn-glycero-3-phosphocholine","Avanti 850370P","850370-01-017",3750,1157.81,"ng/sample",NA,NA,NA,NA,"20210123T023002Z"
"68f39e8f-05b6-4bfe-9b22-050eb3f94db1",NA,2019-02-18,"20190218 Set 2-2","c16 40ug/ml","Supelco 37 component FAME mix, CRM47885 Supelco","XA11420V",40,33.77,"mg/ml","c21:0Concentration","mg/ml",NA,NA,"20210123T023002Z"
"5931525d-8a8b-452a-a614-7e448f7e26dc",NA,2019-02-18,"20190218 Set 2-2","c16 40ug/ml","Supelco 37 component FAME mix, CRM47885 Supelco","XA11420V",40,34.64,"mg/ml",NA,NA,NA,NA,"20210123T023002Z"
"b526c347-c9be-4cf2-a8e0-08ec77299376",NA,2019-02-18,"20190218 Set 2-2","c16 40ug/ml","Supelco 37 component FAME mix, CRM47885 Supelco","XA11420V",40,35.4,"mg/ml",NA,NA,NA,NA,"20210123T023002Z"
"0fbff98c-0b56-4a98-8005-55a735b4b136",NA,2019-02-18,"20190218 Set 2-2","c16 40ug/ml","Supelco 37 component FAME mix, CRM47885 Supelco","XA11420V",40,37.11,"mg/ml",NA,NA,NA,NA,"20210123T023002Z"
"3bee1e2d-51fd-4d8c-9ef2-d3fdc90f1181",NA,2019-04-16,"20190416 Set 6","c16 40ug/ml","Supelco 37 component FAME mix, CRM47885 Supelco","LRAB5516",40,38.46,"mg/ml",NA,NA,NA,NA,"20210123T023002Z"
"8ed91e3f-f340-4d9e-97ff-a5bd59946ba4",NA,2019-04-16,"20190416 Set 6","c16 40ug/ml","Supelco 37 component FAME mix, CRM47885 Supelco","LRAB5516",40,37.99,"mg/ml",NA,NA,NA,NA,"20210123T023002Z"
"b7feea4e-e1d9-4d2b-8b61-170e854fce7a",NA,2019-04-16,"20190416 Set 6","c16 40ug/ml","Supelco 37 component FAME mix, CRM47885 Supelco","LRAB5516",40,38.95,"mg/ml",NA,NA,NA,NA,"20210123T023002Z"
"11582753-d62f-4ed8-b748-d0f43925a991",NA,2019-04-16,"20190416 Set 6","c16 40ug/ml","Supelco 37 component FAME mix, CRM47885 Supelco","LRAB5516",40,37.62,"mg/ml",NA,NA,NA,NA,"20210123T023002Z"
"77168f10-8c01-4cd4-8353-38fa70fd15ca",NA,2019-04-16,"20190416 Set 6","c16 40ug/ml","Supelco 37 component FAME mix, CRM47885 Supelco","LRAB5516",40,38.26,"mg/ml",NA,NA,NA,NA,"20210123T023002Z"
"330f006a-ce4c-4d6a-8745-5714939a5c72",NA,2019-04-16,"20190416 Set 6","c16 40ug/ml","Supelco 37 component FAME mix, CRM47885 Supelco","LRAB5516",40,37.01,"mg/ml",NA,NA,NA,NA,"20210123T023002Z"
"21d0ef1a-0ecb-4d7d-8383-9123333380f6",NA,2019-04-16,"20190416 Set 6","c16 40ug/ml","Supelco 37 component FAME mix, CRM47885 Supelco","LRAB5516",40,38.85,"mg/ml",NA,NA,NA,NA,"20210123T023002Z"
"266f4b83-94d6-4d45-8160-048453dea0ac",NA,2019-04-16,"20190416 Set 6","c16 40ug/ml","Supelco 37 component FAME mix, CRM47885 Supelco","LRAB5516",40,38.26,"mg/ml",NA,NA,NA,NA,"20210123T023002Z"
"bad9b45a-2e90-42c2-b0f0-8026e141d9ba",NA,2019-04-16,"20190416 Set 6","c16 40ug/ml","Supelco 37 component FAME mix, CRM47885 Supelco","LRAB5516",40,37.36,"mg/ml","c21:0Concentration","mg/ml",NA,NA,"20210123T023002Z"
"3b7fa662-0cde-4ca0-96f4-3add8f0f781f",NA,2019-04-16,"20190416 Set 6","c16 40ug/ml","Supelco 37 component FAME mix, CRM47885 Supelco","LRAB5516",40,38.53,"mg/ml",NA,NA,NA,NA,"20210123T023002Z"
"e56a226c-3b02-4f71-a53c-435f5bf6b07b",NA,2019-04-18,"20190418 Set 7","c16 30ug/ml","Supelco 37 component FAME mix, CRM47885 Supelco","LRAB5516",30,31.39,"mg/ml",NA,NA,NA,NA,"20210123T023002Z"
"1cd4b1e9-4af8-4421-b5a1-d9cd48ec55fc",NA,2019-04-18,"20190418 Set 7","c16 30ug/ml","Supelco 37 component FAME mix, CRM47885 Supelco","LRAB5516",30,32,"mg/ml",NA,NA,NA,NA,"20210123T023002Z"
"19984eb3-8f55-42e4-8c63-bdef965d3013",NA,2019-04-18,"20190418 Set 7","c16 30ug/ml","Supelco 37 component FAME mix, CRM47885 Supelco","LRAB5516",30,30.16,"mg/ml",NA,NA,NA,NA,"20210123T023002Z"
"cffeb55f-b1bc-4570-808d-e3c169294e06",NA,2019-04-18,"20190418 Set 7","c16 30ug/ml","Supelco 37 component FAME mix, CRM47885 Supelco","LRAB5516",30,31.81,"mg/ml",NA,NA,NA,NA,"20210123T023002Z"
"43550837-a98d-4c2b-aa06-ab1bca64f93c",NA,2019-04-18,"20190418 Set 7","c16 30ug/ml","Supelco 37 component FAME mix, CRM47885 Supelco","LRAB5516",30,29.92,"mg/ml","c21:0Concentration","mg/ml",NA,NA,"20210123T023002Z"
"e131050e-0b4f-4e8d-aa03-5051a048efed",NA,2019-04-18,"20190418 Set 7","c16 30ug/ml","Supelco 37 component FAME mix, CRM47885 Supelco","LRAB5516",30,31.86,"mg/ml",NA,NA,NA,NA,"20210123T023002Z"
"674c3fde-75d9-4409-a4bb-5be916648478",NA,2019-04-18,"20190418 Set 7","c16 30ug/ml","Supelco 37 component FAME mix, CRM47885 Supelco","LRAB5516",30,30.49,"mg/ml",NA,NA,NA,NA,"20210123T023002Z"
"e70478af-4804-4f2f-95db-9b37a928c2a8",NA,2019-04-18,"20190418 Set 7","c16 30ug/ml","Supelco 37 component FAME mix, CRM47885 Supelco","LRAB5516",30,30.25,"mg/ml",NA,NA,NA,NA,"20210123T023002Z"
"e1bbb12e-4421-467d-8fbf-9c228155936c",NA,2019-04-18,"20190418 Set 7","c16 30ug/ml","Supelco 37 component FAME mix, CRM47885 Supelco","LRAB5516",30,30.91,"mg/ml",NA,NA,NA,NA,"20210123T023002Z"
"f65e3e06-e361-429b-84a0-faf4eefbdfab",NA,2019-04-18,"20190418 Set 7","c16 30ug/ml","Supelco 37 component FAME mix, CRM47885 Supelco","LRAB5516",30,33.93,"mg/ml",NA,NA,NA,NA,"20210123T023002Z"
"daa5923b-44cd-42c1-a17a-226585c245ed",NA,2019-04-18,"20190418 Set 7","c16 30ug/ml","Supelco 37 component FAME mix, CRM47885 Supelco","LRAB5516",30,31.78,"mg/ml",NA,NA,NA,NA,"20210123T023002Z"
"99e42d51-fb5a-41da-aae0-88458ab18d60",NA,2019-04-02,"20190402 Set 5","c16 40ug/ml","Supelco 37 component FAME mix, CRM47885 Supelco","XA11420V",40,38.72,"mg/ml",NA,NA,NA,NA,"20210123T023002Z"
"5099a0f3-a196-42ee-ae04-bb2f8e969274",NA,2019-04-02,"20190402 Set 5","c16 40ug/ml","Supelco 37 component FAME mix, CRM47885 Supelco","XA11420V",40,37.66,"mg/ml",NA,NA,NA,NA,"20210123T023002Z"
"ce6ef149-24b3-43ab-81c1-2e4cd6d19cc6",NA,2019-04-02,"20190402 Set 5","c16 40ug/ml","Supelco 37 component FAME mix, CRM47885 Supelco","XA11420V",40,36.31,"mg/ml",NA,NA,NA,NA,"20210123T023002Z"
"68d7d971-7f83-44f7-8cf8-a0c5b708eb06",NA,2019-04-02,"20190402 Set 5","c16 40ug/ml","Supelco 37 component FAME mix, CRM47885 Supelco","XA11420V",40,36.39,"mg/ml",NA,NA,NA,NA,"20210123T023002Z"
"b4f11d4c-bdc9-4809-9dbf-b2fce58d7645",NA,2019-04-02,"20190402 Set 5","c16 40ug/ml","Supelco 37 component FAME mix, CRM47885 Supelco","XA11420V",40,38.14,"mg/ml",NA,NA,NA,NA,"20210123T023002Z"
"5ed2fd6f-9c96-49c4-83d5-192b5cde02d3",NA,2019-04-02,"20190402 Set 5","c16 40ug/ml","Supelco 37 component FAME mix, CRM47885 Supelco","XA11420V",40,38.36,"mg/ml",NA,NA,NA,NA,"20210123T023002Z"
"fa46c25d-d959-427e-9765-8ec16d3d0542",NA,2019-04-02,"20190402 Set 5","c16 40ug/ml","Supelco 37 component FAME mix, CRM47885 Supelco","XA11420V",40,36.6,"mg/ml",NA,NA,NA,NA,"20210123T023002Z"
"01b7bd58-c3fd-4570-8b98-27a2220bdb00",NA,2019-04-02,"20190402 Set 5","c16 40ug/ml","Supelco 37 component FAME mix, CRM47885 Supelco","XA11420V",40,36.47,"mg/ml",NA,NA,NA,NA,"20210123T023002Z"
"5fd662c3-17cc-4c57-9628-a178aa602b65",NA,2019-04-02,"20190402 Set 5","c16 40ug/ml","Supelco 37 component FAME mix, CRM47885 Supelco","XA11420V",40,38.12,"mg/ml","c21:0Concentration","mg/ml",NA,NA,"20210123T023002Z"
"0ac42ca6-f7a8-48eb-bc2f-d3cdfa342607",NA,2019-04-02,"20190402 Set 5","c16 40ug/ml","Supelco 37 component FAME mix, CRM47885 Supelco","XA11420V",40,38.29,"mg/ml",NA,NA,NA,NA,"20210123T023002Z"
"ec06231a-3a15-451d-bdf0-7366f46269ec",NA,2019-04-02,"20190402 Set 5","c16 40ug/ml","Supelco 37 component FAME mix, CRM47885 Supelco","XA11420V",40,37.65,"mg/ml",NA,NA,NA,NA,"20210123T023002Z"
"bebfc93f-9beb-4daa-842c-399bfe65ce8c",NA,2019-04-01,"20190401 Set 4-2","c16 40ug/ml","Supelco 37 component FAME mix, CRM47885 Supelco","XA11420V",40,37.82,"mg/ml",NA,NA,NA,NA,"20210123T023002Z"
"5a74991e-31a3-4b02-a71a-da38a71935e9",NA,2019-04-01,"20190401 Set 4-2","c16 40ug/ml","Supelco 37 component FAME mix, CRM47885 Supelco","XA11420V",40,38.99,"mg/ml",NA,NA,NA,NA,"20210123T023002Z"
"c617aebe-a0ca-44f8-9bda-8463216d460d",NA,2019-04-01,"20190401 Set 4-2","c16 40ug/ml","Supelco 37 component FAME mix, CRM47885 Supelco","XA11420V",40,38.98,"mg/ml","c21:0Concentration","mg/ml",NA,NA,"20210123T023002Z"
"12c05d41-4e1d-4f49-9bd5-03c7295a6245",NA,2019-04-01,"20190401 Set 4-2","c16 40ug/ml","Supelco 37 component FAME mix, CRM47885 Supelco","XA11420V",40,38.37,"mg/ml",NA,NA,NA,NA,"20210123T023002Z"
"0a7bc878-0631-4e78-8245-1c8ec13c95e2",NA,2019-04-01,"20190401 Set 4-2","c16 40ug/ml","Supelco 37 component FAME mix, CRM47885 Supelco","XA11420V",40,39.26,"mg/ml",NA,NA,NA,NA,"20210123T023002Z"
"878de955-d8aa-4cb6-ae7c-510b006a5e58",NA,2019-02-14,"20190124 Set 2-1 Rerun","c16 40ug/ml","Supelco 37 component FAME mix, CRM47885 Supelco","XA11420V",40,36.46,"mg/ml",NA,NA,NA,NA,"20210123T023002Z"
"b6126c45-36f0-4698-9c97-bd389baf96f4",NA,2019-02-14,"20190124 Set 2-1 Rerun","c16 40ug/ml","Supelco 37 component FAME mix, CRM47885 Supelco","XA11420V",40,35.8,"mg/ml",NA,NA,NA,NA,"20210123T023002Z"
"69b64a56-02a3-430c-a766-6b5384f4d2c6",NA,2019-02-14,"20190124 Set 2-1 Rerun","c16 40ug/ml","Supelco 37 component FAME mix, CRM47885 Supelco","XA11420V",40,35.32,"mg/ml",NA,NA,NA,NA,"20210123T023002Z"
"189fa496-e3bf-4c5b-bb5a-fd9de6c1565c",NA,2019-02-14,"20190124 Set 2-1 Rerun","c16 40ug/ml","Supelco 37 component FAME mix, CRM47885 Supelco","XA11420V",40,35.95,"mg/ml",NA,NA,NA,NA,"20210123T023002Z"
"4ab3d626-b7d1-41a5-93d8-6ff660a3cc4e",NA,2019-02-14,"20190124 Set 2-1 Rerun","c16 40ug/ml","Supelco 37 component FAME mix, CRM47885 Supelco","XA11420V",40,35.59,"mg/ml","c21:0Concentration","mg/ml",NA,NA,"20210123T023002Z"
"6f10124e-cb4e-4414-9281-2845d1fca657",NA,2019-02-14,"20190124 Set 2-1 Rerun","c16 40ug/ml","Supelco 37 component FAME mix, CRM47885 Supelco","XA11420V",40,34.93,"mg/ml",NA,NA,NA,NA,"20210123T023002Z"
"d0ac7081-823d-4d03-bd9f-b82ddea0471a",NA,2019-02-14,"20190124 Set 2-1 Rerun","c16 40ug/ml","Supelco 37 component FAME mix, CRM47885 Supelco","XA11420V",40,35.59,"mg/ml","c21:0Concentration","mg/ml",NA,NA,"20210123T023002Z"
"6395654a-98a6-464f-9f0d-68e5543346ed",NA,2019-02-14,"20190124 Set 2-1 Rerun","c16 40ug/ml","Supelco 37 component FAME mix, CRM47885 Supelco","XA11420V",40,35.95,"mg/ml","c21:0Concentration","mg/ml",NA,NA,"20210123T023002Z"
"b5c31b9f-b407-4203-b1f5-97160bf59542",NA,2019-02-14,"20190124 Set 2-1 Rerun","c16 40ug/ml","Supelco 37 component FAME mix, CRM47885 Supelco","XA11420V",40,34.93,"mg/ml","c21:0Concentration","mg/ml",NA,NA,"20210123T023002Z"
"76095cc7-b2db-434a-937a-50f6647951b2",NA,2019-02-14,"20190124 Set 2-1 Rerun","c16 40ug/ml","Supelco 37 component FAME mix, CRM47885 Supelco","XA11420V",40,36.46,"mg/ml","c21:0Concentration","mg/ml",NA,NA,"20210123T023002Z"
"5129202a-42dc-4247-b39e-47737ce2559b",NA,2019-02-14,"20190124 Set 2-1 Rerun","c16 40ug/ml","Supelco 37 component FAME mix, CRM47885 Supelco","XA11420V",40,35.32,"mg/ml","c21:0Concentration","mg/ml",NA,NA,"20210123T023002Z"
"1550a9c7-3049-4872-815d-bf35c7dc5edb",NA,2019-02-14,"20190124 Set 2-1 Rerun","c16 40ug/ml","Supelco 37 component FAME mix, CRM47885 Supelco","XA11420V",40,35.8,"mg/ml","c21:0Concentration","mg/ml",NA,NA,"20210123T023002Z"
"863cfc9a-3792-44df-b4e5-951898aec471",NA,2019-01-23,"20190123 Set 13-1 Re-Rerun","c16 40ug/ml","Supelco 37 component FAME mix, CRM47885 Supelco","XA11420V",40,33.96,"ug/ml",NA,NA,NA,NA,"20210123T023002Z"
"982e5924-6f2d-4c7f-8ecc-29e3474f1701",NA,2019-01-23,"20190123 Set 13-1 Re-Rerun","c16 40ug/ml","Supelco 37 component FAME mix, CRM47885 Supelco","XA11420V",40,37.98,"ug/ml",NA,NA,NA,NA,"20210123T023002Z"
"32a866a8-6711-4921-9591-6bea7e8a4898",NA,2019-01-23,"20190123 Set 13-1 Re-Rerun","c16 40ug/ml","Supelco 37 component FAME mix, CRM47885 Supelco","XA11420V",40,34.84,"ug/ml",NA,NA,NA,NA,"20210123T023002Z"
"92aed309-56d4-41d1-9387-348b00b4c98d",NA,2019-01-23,"20190123 Set 13-1 Re-Rerun","c16 40ug/ml","Supelco 37 component FAME mix, CRM47885 Supelco","XA11420V",40,33.13,"ug/ml",NA,NA,NA,NA,"20210123T023002Z"
"d02a4287-f981-44cc-9b61-adcdcdc909e1",NA,2018-09-13,"20180913 set 12b reruns","c16 40ug/ml","Supelco 37 component FAME mix, CRM47885 Supelco","XA11420V",40,33.96,"ug/ml",NA,NA,NA,NA,"20210123T023002Z"
"90d628df-b520-47e2-81dd-f840856a66aa",NA,2018-09-13,"20180913 set 12b reruns","c16 40ug/ml","Supelco 37 component FAME mix, CRM47885 Supelco","XA11420V",40,34.53,"ug/ml",NA,NA,NA,NA,"20210123T023002Z"
"49697bc9-7342-4eeb-93f4-09090d1ef232",NA,2018-09-13,"20180913 set 12b reruns","c16 40ug/ml","Supelco 37 component FAME mix, CRM47885 Supelco","XA11420V",40,34.1,"ug/ml",NA,NA,NA,NA,"20210123T023002Z"
"15e769f1-b38f-44ca-a997-764195cda0b9",NA,2018-09-13,"20180913 set 12b reruns","c16 40ug/ml","Supelco 37 component FAME mix, CRM47885 Supelco","XA11420V",40,34.69,"ug/ml",NA,NA,NA,NA,"20210123T023002Z"
"bcc78640-5dbf-4b2a-99fe-9e68826b9709",NA,2018-04-23,"20180423 Set 3B","c16 40ug/ml","Supelco 37 component FAME mix, CRM47885 Supelco","XA11420V",40,33.95,"ug/ml",NA,NA,NA,NA,"20210123T023002Z"
"0876e042-2b03-44a7-a447-fd471e56c746",NA,2018-04-23,"20180423 Set 3B","c16 40ug/ml","Supelco 37 component FAME mix, CRM47885 Supelco","XA11420V",40,34.09,"ug/ml",NA,NA,NA,NA,"20210123T023002Z"
"d82a13cb-6d47-4738-a428-f478bdaa4321",NA,2018-04-23,"20180423 Set 3B","c16 40ug/ml","Supelco 37 component FAME mix, CRM47885 Supelco","XA11420V",40,34.17,"ug/ml",NA,NA,NA,NA,"20210123T023002Z"
"e1fc2347-2129-4501-8fd2-f9a1aff7515f",NA,2018-04-23,"20180423 Set 3B","c16 40ug/ml","Supelco 37 component FAME mix, CRM47885 Supelco","XA11420V",40,34.18,"ug/ml",NA,NA,NA,NA,"20210123T023002Z"
"7e5d3d93-9587-42bf-8cc0-25301654801a",NA,2018-04-23,"20180423 Set 3B","c16 40ug/ml","Supelco 37 component FAME mix, CRM47885 Supelco","XA11420V",40,33.96,"ug/ml",NA,NA,NA,NA,"20210123T023002Z"
"f87741f5-e522-46fa-a88e-91d7857a3c3a",NA,2018-04-19,"20180419 set 3","c16 40ug/ml","Supelco 37 component FAME mix, CRM47885 Supelco","XA11420V",40,35.41,"ug/ml",NA,NA,NA,NA,"20210123T023002Z"
"5abf1a7c-d885-4b33-bfae-2c220083e6cf",NA,2018-04-19,"20180419 set 3","c16 40ug/ml","Supelco 37 component FAME mix, CRM47885 Supelco","XA11420V",40,35.43,"ug/ml",NA,NA,NA,NA,"20210123T023002Z"
"d38dd537-b51a-4dc9-b64f-cab918b4d0a6",NA,2018-04-16,"20180416 Set 2","c16 40ug/ml","Supelco 37 component FAME mix, CRM47885 Supelco","XA11420V",40,40.56,"ug/ml",NA,NA,NA,NA,"20210123T023002Z"
"b8330766-900c-4f8a-8aea-3fe317faaaa6",NA,2018-04-16,"20180416 Set 2","c16 40ug/ml","Supelco 37 component FAME mix, CRM47885 Supelco","XA11420V",40,36.61,"ug/ml",NA,NA,NA,NA,"20210123T023002Z"
"2af8fe57-2862-4a6f-889d-57cb2deaab1f",NA,2018-04-26,"20180426 set 2B","c16 40ug/ml","Supelco 37 component FAME mix, CRM47885 Supelco","XA11420V",40,34.69,"ug/ml",NA,NA,NA,NA,"20210123T023002Z"
"5f7f1bfc-c06d-4219-a7fc-48e228501240",NA,2018-04-26,"20180426 set 2B","c16 40ug/ml","Supelco 37 component FAME mix, CRM47885 Supelco","XA11420V",40,34.92,"ug/ml",NA,NA,NA,NA,"20210123T023002Z"
"de1e0471-bc98-4ea3-8f8e-80905247087a",NA,2018-04-26,"20180426 set 2B","c16 40ug/ml","Supelco 37 component FAME mix, CRM47885 Supelco","XA11420V",40,36.07,"ug/ml",NA,NA,NA,NA,"20210123T023002Z"
"4b58055a-5f43-492d-90cf-57cc0eca9d26",NA,2018-04-26,"20180426 set 2B","c16 40ug/ml","Supelco 37 component FAME mix, CRM47885 Supelco","XA11420V",40,33.41,"ug/ml",NA,NA,NA,NA,"20210123T023002Z"
"3658d5dd-ab8a-47db-8b78-f236c46b8dda",NA,2018-04-26,"20180426 set 2B","c16 40ug/ml","Supelco 37 component FAME mix, CRM47885 Supelco","XA11420V",40,35.68,"ug/ml",NA,NA,NA,NA,"20210123T023002Z"
"df703362-458a-4ea8-99b4-de5a4b0c65b5",NA,2018-08-30,"20180830 set 12a reruns","c16 40ug/ml","Supelco 37 component FAME mix, CRM47885 Supelco","XA11420V",40,32.89,"ug/ml",NA,NA,NA,NA,"20210123T023002Z"
"232873ed-efc5-449d-86d6-0fb8097a48c7",NA,2018-08-30,"20180830 set 12a reruns","c16 40ug/ml","Supelco 37 component FAME mix, CRM47885 Supelco","XA11420V",40,34.2,"ug/ml",NA,NA,NA,NA,"20210123T023002Z"
"24b0e33f-6b70-4a67-bd0b-692c39f2936e",NA,2018-08-30,"20180830 set 12a reruns","c16 40ug/ml","Supelco 37 component FAME mix, CRM47885 Supelco","XA11420V",40,34.43,"ug/ml",NA,NA,NA,NA,"20210123T023002Z"
"978c3350-8f7a-435a-b042-7a3c87bef234",NA,2018-08-30,"20180830 set 12a reruns","c16 40ug/ml","Supelco 37 component FAME mix, CRM47885 Supelco","XA11420V",40,33.47,"ug/ml",NA,NA,NA,NA,"20210123T023002Z"
"0515429f-14f5-422c-9459-09ca62cfaab3",NA,2018-08-30,"20180830 set 12a reruns","c16 40ug/ml","Supelco 37 component FAME mix, CRM47885 Supelco","XA11420V",40,33.9,"ug/ml",NA,NA,NA,NA,"20210123T023002Z"
"71135944-3d70-48f1-a36a-085387b501b3",NA,2018-06-06,"20180606 set 10b-11a","c16 40ug/ml","Supelco 37 component FAME mix, CRM47885 Supelco","XA11420V",40,33.82,"ug/ml",NA,NA,NA,NA,"20210123T023002Z"
"0979c39c-a640-4601-97da-1a7e0f47bd8f",NA,2018-06-06,"20180606 set 10b-11a","c16 40ug/ml","Supelco 37 component FAME mix, CRM47885 Supelco","XA11420V",40,34.9,"ug/ml",NA,NA,NA,NA,"20210123T023002Z"
"8c8a96ee-9809-44a6-8cf6-9f9d4e1875df",NA,2018-06-06,"20180606 set 10b-11a","c16 40ug/ml","Supelco 37 component FAME mix, CRM47885 Supelco","XA11420V",40,33.92,"ug/ml",NA,NA,NA,NA,"20210123T023002Z"
"7963197a-6837-4383-8566-2ebc3c94046f",NA,2018-06-06,"20180606 set 10b-11a","c16 40ug/ml","Supelco 37 component FAME mix, CRM47885 Supelco","XA11420V",40,34.02,"ug/ml",NA,NA,NA,NA,"20210123T023002Z"
"0d596213-093a-4819-a21a-eae76e976bfe",NA,2018-06-06,"20180606 set 10b-11a","c16 40ug/ml","Supelco 37 component FAME mix, CRM47885 Supelco","XA11420V",40,33.9,"ug/ml",NA,NA,NA,NA,"20210123T023002Z"
"b2f771fd-2f08-4631-8ec5-9cd6330acc17",NA,2018-06-06,"20180606 set 10b-11a","c16 40ug/ml","Supelco 37 component FAME mix, CRM47885 Supelco","XA11420V",40,33.42,"ug/ml",NA,NA,NA,NA,"20210123T023002Z"
"8ae085e7-b17c-4af6-b2b6-a38c5021ae95",NA,2018-06-06,"20180606 set 10b-11a","c16 40ug/ml","Supelco 37 component FAME mix, CRM47885 Supelco","XA11420V",40,34.04,"ug/ml",NA,NA,NA,NA,"20210123T023002Z"
"5e5b7732-0901-4794-be95-6b5cc968e07d",NA,2018-06-06,"20180606 set 10b-11a","c16 40ug/ml","Supelco 37 component FAME mix, CRM47885 Supelco","XA11420V",40,33.68,"ug/ml",NA,NA,NA,NA,"20210123T023002Z"
"a324b2f9-e0ae-4d89-a0f8-52062a7c5ac0",NA,2018-06-06,"20180606 set 10b-11a","c16 40ug/ml","Supelco 37 component FAME mix, CRM47885 Supelco","XA11420V",40,34.7,"ug/ml",NA,NA,NA,NA,"20210123T023002Z"
"1a502acb-e2df-4fc0-a94f-6f2d3d12a1ed",NA,2018-06-06,"20180606 set 10b-11a","c16 40ug/ml","Supelco 37 component FAME mix, CRM47885 Supelco","XA11420V",40,34.32,"ug/ml",NA,NA,NA,NA,"20210123T023002Z"
"8819db8e-1cd7-4761-989c-0490dd5a482f",NA,2018-06-04,"20180604 set 9b-10","c16 40ug/ml","Supelco 37 component FAME mix, CRM47885 Supelco","XA11420V",40,33.69,"ug/ml",NA,NA,NA,NA,"20210123T023002Z"
"14cd6a20-844c-4b90-9135-53ac4e40f9c0",NA,2018-06-04,"20180604 set 9b-10","c16 40ug/ml","Supelco 37 component FAME mix, CRM47885 Supelco","XA11420V",40,33.61,"ug/ml",NA,NA,NA,NA,"20210123T023002Z"
"00fc1ff8-2f29-432c-bb37-75a77079c408",NA,2018-06-04,"20180604 set 9b-10","c16 40ug/ml","Supelco 37 component FAME mix, CRM47885 Supelco","XA11420V",40,33.62,"ug/ml",NA,NA,NA,NA,"20210123T023002Z"
"927e52b2-c6e4-4280-93cf-f382e6f858b8",NA,2018-06-04,"20180604 set 9b-10","c16 40ug/ml","Supelco 37 component FAME mix, CRM47885 Supelco","XA11420V",40,34.64,"ug/ml",NA,NA,NA,NA,"20210123T023002Z"
"e1d58d4d-4576-46e0-88af-92554c1f17cf",NA,2018-06-04,"20180604 set 9b-10","c16 40ug/ml","Supelco 37 component FAME mix, CRM47885 Supelco","XA11420V",40,34.41,"ug/ml",NA,NA,NA,NA,"20210123T023002Z"
"fe56763b-2725-4c48-9644-15bbf9303e79",NA,2018-06-04,"20180604 set 9b-10","c16 40ug/ml","Supelco 37 component FAME mix, CRM47885 Supelco","XA11420V",40,34.2,"ug/ml",NA,NA,NA,NA,"20210123T023002Z"
"1a8a2b5b-6024-4990-a68e-ce10756f36cf",NA,2018-06-04,"20180604 set 9b-10","c16 40ug/ml","Supelco 37 component FAME mix, CRM47885 Supelco","XA11420V",40,33.02,"ug/ml",NA,NA,NA,NA,"20210123T023002Z"
"bdc2f72c-7928-40b0-99f9-3f6a72f46bd6",NA,2018-06-04,"20180604 set 9b-10","c16 40ug/ml","Supelco 37 component FAME mix, CRM47885 Supelco","XA11420V",40,33.06,"ug/ml",NA,NA,NA,NA,"20210123T023002Z"
"84b4b491-a70d-431d-9fd0-aff920f912f1",NA,2018-06-04,"20180604 set 9b-10","c16 40ug/ml","Supelco 37 component FAME mix, CRM47885 Supelco","XA11420V",40,33.98,"ug/ml",NA,NA,NA,NA,"20210123T023002Z"
"844d54d8-1ecc-4cba-a130-96a8b2f80cf7",NA,2018-06-04,"20180604 set 9b-10","c16 40ug/ml","Supelco 37 component FAME mix, CRM47885 Supelco","XA11420V",40,33.82,"ug/ml",NA,NA,NA,NA,"20210123T023002Z"
"799f617e-2a31-43c9-9267-2d32d179eb7e",NA,2018-05-31,"20180531 set 9","c16 40ug/ml","Supelco 37 component FAME mix, CRM47885 Supelco","XA11420V",40,34.32,"ug/ml",NA,NA,NA,NA,"20210123T023002Z"
"82b1ab6d-45b0-4e98-ac04-39a006dd94cb",NA,2018-05-31,"20180531 set 9","c16 40ug/ml","Supelco 37 component FAME mix, CRM47885 Supelco","XA11420V",40,34.21,"ug/ml",NA,NA,NA,NA,"20210123T023002Z"
"df9c97f3-b81c-4aec-b1a3-2dbfc14bb6b3",NA,2018-05-31,"20180531 set 9","c16 40ug/ml","Supelco 37 component FAME mix, CRM47885 Supelco","XA11420V",40,33.42,"ug/ml",NA,NA,NA,NA,"20210123T023002Z"
"e0694126-8b4b-4453-b415-15b7b1fd0f10",NA,2018-05-31,"20180531 set 9","c16 40ug/ml","Supelco 37 component FAME mix, CRM47885 Supelco","XA11420V",40,33.94,"ug/ml",NA,NA,NA,NA,"20210123T023002Z"
"a5408682-5e49-4b31-974f-aaec85068734",NA,2018-05-09,"20180509 set 8B","c16 40ug/ml","Supelco 37 component FAME mix, CRM47885 Supelco","XA11420V",40,35.12,"ug/ml",NA,NA,NA,NA,"20210123T023002Z"
"240b3088-de53-43ca-8a2b-817b329ca070",NA,2018-05-09,"20180509 set 8B","c16 40ug/ml","Supelco 37 component FAME mix, CRM47885 Supelco","XA11420V",40,34.89,"ug/ml",NA,NA,NA,NA,"20210123T023002Z"
"8f030e88-41b5-448c-9056-3e2704a5eaff",NA,2018-05-09,"20180509 set 8B","c16 40ug/ml","Supelco 37 component FAME mix, CRM47885 Supelco","XA11420V",40,35.09,"ug/ml",NA,NA,NA,NA,"20210123T023002Z"
"adfde73c-b92f-4106-9d4b-e2ca005ff054",NA,2018-05-09,"20180509 set 8B","c16 40ug/ml","Supelco 37 component FAME mix, CRM47885 Supelco","XA11420V",40,35.12,"ug/ml",NA,NA,NA,NA,"20210123T023002Z"
"7609a67d-6329-4f35-84b3-3e0e3d1d2a52",NA,2018-05-09,"20180509 set 8B","c16 40ug/ml","Supelco 37 component FAME mix, CRM47885 Supelco","XA11420V",40,34.09,"ug/ml",NA,NA,NA,NA,"20210123T023002Z"
"b95c3ed2-e137-4e23-9293-c6c48493ca51",NA,2018-05-09,"20180509 set 8","c16 40ug/ml","Supelco 37 component FAME mix, CRM47885 Supelco","XA11420V",40,34.17,"ug/ml",NA,NA,NA,NA,"20210123T023002Z"
"d1d1a2f7-7507-43ba-8f0c-85571775d2f2",NA,2018-05-09,"20180509 set 8","c16 40ug/ml","Supelco 37 component FAME mix, CRM47885 Supelco","XA11420V",40,34.25,"ug/ml",NA,NA,NA,NA,"20210123T023002Z"
"63786107-e53d-4e58-b15f-5acabd1f0dee",NA,2018-05-09,"20180509 set 8","c16 40ug/ml","Supelco 37 component FAME mix, CRM47885 Supelco","XA11420V",40,34.65,"ug/ml",NA,NA,NA,NA,"20210123T023002Z"
"f339c497-d7ea-4e1d-9eaf-d6a88e1bc4ef",NA,2018-05-09,"20180509 set 8","c16 40ug/ml","Supelco 37 component FAME mix, CRM47885 Supelco","XA11420V",40,33.74,"ug/ml",NA,NA,NA,NA,"20210123T023002Z"
"e54c1f49-4401-4e7c-b014-315da9f6b284",NA,2018-05-09,"20180509 set 8","c16 40ug/ml","Supelco 37 component FAME mix, CRM47885 Supelco","XA11420V",40,33.39,"ug/ml",NA,NA,NA,NA,"20210123T023002Z"
"96ceca64-552e-4459-b0ff-9e32470288d9",NA,2018-05-09,"20180509 set 7B","c16 40ug/ml","Supelco 37 component FAME mix, CRM47885 Supelco","XA11420V",40,35.03,"ug/ml",NA,NA,NA,NA,"20210123T023002Z"
"054443e2-1553-4395-aa95-247b7dd3c4fa",NA,2018-05-09,"20180509 set 7B","c16 40ug/ml","Supelco 37 component FAME mix, CRM47885 Supelco","XA11420V",40,33.79,"ug/ml",NA,NA,NA,NA,"20210123T023002Z"
"10732dd1-c52b-46be-842a-46b2f27b6813",NA,2018-05-09,"20180509 set 7B","c16 40ug/ml","Supelco 37 component FAME mix, CRM47885 Supelco","XA11420V",40,34.18,"ug/ml",NA,NA,NA,NA,"20210123T023002Z"
"1a01f889-9c58-4f02-9e1c-1f12eac940ec",NA,2018-05-09,"20180509 set 7B","c16 40ug/ml","Supelco 37 component FAME mix, CRM47885 Supelco","XA11420V",40,35.02,"ug/ml",NA,NA,NA,NA,"20210123T023002Z"
"84fd2ad4-9ce1-49f9-9351-7bae5cc694e6",NA,2018-05-09,"20180509 set 7B","c16 40ug/ml","Supelco 37 component FAME mix, CRM47885 Supelco","XA11420V",40,33.89,"ug/ml",NA,NA,NA,NA,"20210123T023002Z"
"f97f2521-9dc3-4e9e-9be2-e7e777655d45",NA,2018-05-09,"20180509 set 7","c16 40ug/ml","Supelco 37 component FAME mix, CRM47885 Supelco","XA11420V",40,34.73,"ug/ml",NA,NA,NA,NA,"20210123T023002Z"
"af9bab87-985e-4094-a637-97b803853b5e",NA,2018-05-09,"20180509 set 7","c16 40ug/ml","Supelco 37 component FAME mix, CRM47885 Supelco","XA11420V",40,34.01,"ug/ml",NA,NA,NA,NA,"20210123T023002Z"
"1783bb92-2a34-43cf-8f5b-af3e59caa96b",NA,2018-05-09,"20180509 set 7","c16 40ug/ml","Supelco 37 component FAME mix, CRM47885 Supelco","XA11420V",40,33.27,"ug/ml",NA,NA,NA,NA,"20210123T023002Z"
"1f13f64e-9f9f-46db-95f8-647d01151754",NA,2018-05-09,"20180509 set 7","c16 40ug/ml","Supelco 37 component FAME mix, CRM47885 Supelco","XA11420V",40,33.97,"ug/ml",NA,NA,NA,NA,"20210123T023002Z"
"396c7c82-8cc6-4ad3-91d7-80f0855445d8",NA,2018-05-09,"20180509 set 7","c16 40ug/ml","Supelco 37 component FAME mix, CRM47885 Supelco","XA11420V",40,34.04,"ug/ml",NA,NA,NA,NA,"20210123T023002Z"
"7f2c8c39-ebb1-4e6c-ae27-1239f50c747f",NA,2018-05-04,"20180504 set 6B","c16 40ug/ml","Supelco 37 component FAME mix, CRM47885 Supelco","XA11420V",40,34.25,"ug/ml",NA,NA,NA,NA,"20210123T023002Z"
"5db9c480-dfd6-415c-bcf1-0cb0ff5de6d4",NA,2018-05-04,"20180504 set 6B","c16 40ug/ml","Supelco 37 component FAME mix, CRM47885 Supelco","XA11420V",40,35.29,"ug/ml",NA,NA,NA,NA,"20210123T023002Z"
"2c2a9c13-255f-4158-8928-0651ba6cc65c",NA,2018-05-04,"20180504 set 6B","c16 40ug/ml","Supelco 37 component FAME mix, CRM47885 Supelco","XA11420V",40,33.83,"ug/ml",NA,NA,NA,NA,"20210123T023002Z"
"5cf3d035-1549-4502-89ad-b166e281b0e6",NA,2018-05-04,"20180504 set 6B","c16 40ug/ml","Supelco 37 component FAME mix, CRM47885 Supelco","XA11420V",40,33.41,"ug/ml",NA,NA,NA,NA,"20210123T023002Z"
"1092dcc0-6b4d-4115-a252-62e3545aa6b8",NA,2018-05-04,"20180504 set 6B","c16 40ug/ml","Supelco 37 component FAME mix, CRM47885 Supelco","XA11420V",40,34.4,"ug/ml",NA,NA,NA,NA,"20210123T023002Z"
"4423387d-84b5-48c1-8a35-692672dd5332",NA,2018-05-03,"20180503 set 6","c16 40ug/ml","Supelco 37 component FAME mix, CRM47885 Supelco","XA11420V",40,34.47,"ug/ml",NA,NA,NA,NA,"20210123T023002Z"
"1b172cea-c66a-4fa4-a642-9a4db65e4447",NA,2018-05-03,"20180503 set 6","c16 40ug/ml","Supelco 37 component FAME mix, CRM47885 Supelco","XA11420V",40,35.54,"ug/ml",NA,NA,NA,NA,"20210123T023002Z"
"aa38e44c-f306-4817-803e-7786813557f0",NA,2018-05-03,"20180503 set 6","c16 40ug/ml","Supelco 37 component FAME mix, CRM47885 Supelco","XA11420V",40,33.8,"ug/ml",NA,NA,NA,NA,"20210123T023002Z"
"f98ca03b-2982-4c5d-bce0-517cf4e68a9c",NA,2018-05-03,"20180503 set 6","c16 40ug/ml","Supelco 37 component FAME mix, CRM47885 Supelco","XA11420V",40,33.6,"ug/ml",NA,NA,NA,NA,"20210123T023002Z"
"ba7cf7c1-51eb-4ac5-94f1-dffd09d4806b",NA,2018-05-03,"20180503 set 6","c16 40ug/ml","Supelco 37 component FAME mix, CRM47885 Supelco","XA11420V",40,35.04,"ug/ml",NA,NA,NA,NA,"20210123T023002Z"
"c0acd1ec-a05b-4ccb-a9c5-42ddb2030946",NA,2018-05-02,"20180502 set 5B","c16 40ug/ml","Supelco 37 component FAME mix, CRM47885 Supelco","XA11420V",40,34.82,"ug/ml",NA,NA,NA,NA,"20210123T023002Z"
"00cbf26e-ddb5-4136-8ab4-50a899cdeae6",NA,2018-05-02,"20180502 set 5B","c16 40ug/ml","Supelco 37 component FAME mix, CRM47885 Supelco","XA11420V",40,34.55,"ug/ml",NA,NA,NA,NA,"20210123T023002Z"
"149a76d3-1304-4658-9a39-7ff25ac28d5e",NA,2018-05-02,"20180502 set 5B","c16 40ug/ml","Supelco 37 component FAME mix, CRM47885 Supelco","XA11420V",40,34.13,"ug/ml",NA,NA,NA,NA,"20210123T023002Z"
"d0f5f346-8638-4e94-8d0f-4c82aca34983",NA,2018-05-02,"20180502 set 5B","c16 40ug/ml","Supelco 37 component FAME mix, CRM47885 Supelco","XA11420V",40,34.41,"ug/ml",NA,NA,NA,NA,"20210123T023002Z"
"9b8a5c5b-012d-4b14-902a-25e005146213",NA,2018-05-02,"20180502 set 5B","c16 40ug/ml","Supelco 37 component FAME mix, CRM47885 Supelco","XA11420V",40,34.96,"ug/ml",NA,NA,NA,NA,"20210123T023002Z"
"835cc243-a031-4dbd-bfbf-030bbeb7dea9",NA,2018-05-01,"20180501 set 5","c16 40ug/ml","Supelco 37 component FAME mix, CRM47885 Supelco","XA11420V",40,36.68,"ug/ml",NA,NA,NA,NA,"20210123T023002Z"
"45eb3471-fc18-4f5e-8e78-a43517b8ed4e",NA,2018-05-01,"20180501 set 5","c16 40ug/ml","Supelco 37 component FAME mix, CRM47885 Supelco","XA11420V",40,34.27,"ug/ml",NA,NA,NA,NA,"20210123T023002Z"
"842582e8-eee4-437d-a4dd-49cae63fece0",NA,2018-05-01,"20180501 set 5","c16 40ug/ml","Supelco 37 component FAME mix, CRM47885 Supelco","XA11420V",40,34.82,"ug/ml",NA,NA,NA,NA,"20210123T023002Z"
"b3953c8a-459e-4317-a4ba-ad6096310774",NA,2018-05-01,"20180501 set 5","c16 40ug/ml","Supelco 37 component FAME mix, CRM47885 Supelco","XA11420V",40,34.95,"ug/ml",NA,NA,NA,NA,"20210123T023002Z"
"ca28c15b-6811-4606-a281-6005a788e595",NA,2018-05-01,"20180501 set 5","c16 40ug/ml","Supelco 37 component FAME mix, CRM47885 Supelco","XA11420V",40,34.87,"ug/ml",NA,NA,NA,NA,"20210123T023002Z"
"cc255f23-8ca3-4084-b8f0-1cd898e30541",NA,2018-04-27,"20180427 set 4B","c16 40ug/ml","Supelco 37 component FAME mix, CRM47885 Supelco","XA11420V",40,34.51,"ug/ml",NA,NA,NA,NA,"20210123T023002Z"
"b2d2a50b-52c5-4369-a22a-e943a5f91ef9",NA,2018-04-27,"20180427 set 4B","c16 40ug/ml","Supelco 37 component FAME mix, CRM47885 Supelco","XA11420V",40,34.56,"ug/ml",NA,NA,NA,NA,"20210123T023002Z"
"20d41cc7-e828-4177-a65c-97618b16122e",NA,2018-04-27,"20180427 set 4B","c16 40ug/ml","Supelco 37 component FAME mix, CRM47885 Supelco","XA11420V",40,34.21,"ug/ml",NA,NA,NA,NA,"20210123T023002Z"
"4def4293-8ef7-479f-9077-c6a7f4fdd036",NA,2018-04-27,"20180427 set 4B","c16 40ug/ml","Supelco 37 component FAME mix, CRM47885 Supelco","XA11420V",40,34.36,"ug/ml",NA,NA,NA,NA,"20210123T023002Z"
"ab081fe3-c7fc-4872-8d21-7ca9bb2ff170",NA,2018-04-28,"20180428 set 4","c16 40ug/ml","Supelco 37 component FAME mix, CRM47885 Supelco","XA11420V",40,33.33,"ug/ml",NA,NA,NA,NA,"20210123T023002Z"
"565f1992-f55b-4e33-a2e0-a91e62604e66",NA,2018-04-28,"20180428 set 4","c16 40ug/ml","Supelco 37 component FAME mix, CRM47885 Supelco","XA11420V",40,35.27,"ug/ml",NA,NA,NA,NA,"20210123T023002Z"
"2b3329b3-dd40-4786-b51f-8353c73c39ef",NA,2018-04-28,"20180428 set 4","c16 40ug/ml","Supelco 37 component FAME mix, CRM47885 Supelco","XA11420V",40,38.28,"ug/ml",NA,NA,NA,NA,"20210123T023002Z"
"65b4a071-5c4a-473a-a939-ff8b7d1af711",NA,2018-04-28,"20180428 set 4","c16 40ug/ml","Supelco 37 component FAME mix, CRM47885 Supelco","XA11420V",40,35.48,"ug/ml",NA,NA,NA,NA,"20210123T023002Z"
"f258c6b0-9aec-4ec2-ba34-67f45b684fbd",NA,2018-04-28,"20180428 set 4","c16 40ug/ml","Supelco 37 component FAME mix, CRM47885 Supelco","XA11420V",40,34.65,"ug/ml",NA,NA,NA,NA,"20210123T023002Z"
"d7d1e382-6948-4a73-ba02-d3c75a489015",NA,2018-04-28,"20180428 set 4","c16 40ug/ml","Supelco 37 component FAME mix, CRM47885 Supelco","XA11420V",40,33.5,"ug/ml",NA,NA,NA,NA,"20210123T023002Z"
"1e66aeaa-d1bb-4010-8147-6a4ebadfb44e",NA,2018-03-28,"20180423 Set 3B","c16 40ug/ml","Supelco 37 component FAME mix, CRM47885 Supelco","XA11420V",40,33.96,"ug/ml",NA,NA,NA,NA,"20210123T023002Z"
"4dd15c91-7cf6-43cd-b1c7-f79e22ebc3ff",NA,2018-03-28,"20180423 Set 3B","c16 40ug/ml","Supelco 37 component FAME mix, CRM47885 Supelco","XA11420V",40,32.77,"ug/ml",NA,NA,NA,NA,"20210123T023002Z"
"4f62ab85-92ba-427d-b7a8-f9f6df445595",NA,2018-04-23,"20180423 Set 3B","c16 40ug/ml","Supelco 37 component FAME mix, CRM47885 Supelco","XA11420V",40,33.95,"ug/ml",NA,NA,NA,NA,"20210123T023002Z"
"a430db12-9f28-44d6-93a5-6114372e790b",NA,2018-04-23,"20180423 Set 3B","c16 40ug/ml","Supelco 37 component FAME mix, CRM47885 Supelco","XA11420V",40,34.17,"ug/ml",NA,NA,NA,NA,"20210123T023002Z"
"b9a3d7eb-c092-4326-94a0-f5d5072e01ca",NA,2018-04-23,"20180423 Set 3B","c16 40ug/ml","Supelco 37 component FAME mix, CRM47885 Supelco","XA11420V",40,33.96,"ug/ml",NA,NA,NA,NA,"20210123T023002Z"
"b044796b-feed-4b2f-8cd1-858c4788eb47",NA,2018-04-23,"20180423 Set 3B","c16 40ug/ml","Supelco 37 component FAME mix, CRM47885 Supelco","XA11420V",40,34.18,"ug/ml",NA,NA,NA,NA,"20210123T023002Z"
"cd51fb3c-ac04-41af-a6e5-9e31c5244cad",NA,2018-04-23,"20180423 Set 3B","c16 40ug/ml","Supelco 37 component FAME mix, CRM47885 Supelco","XA11420V",40,34.09,"ug/ml",NA,NA,NA,NA,"20210123T023002Z"
"e46a66a1-fc86-4e15-a8d7-9dcd41cddcc5",NA,2020-10-13,"70","C20:0/C19:0 ratio","MIDI 1208","919201",1.91,1.91,"unitless","C19:0","unitless","0",NA,"20210123T023002Z"
"f78144de-94dc-4973-8e65-415b01fba107",NA,2020-10-13,"70","C20:0/C19:0 ratio","MIDI 1208","919201",1.91,1.91,"unitless","C19:0","unitless","0",NA,"20210123T023002Z"
"ad386c8d-d147-4353-aaea-8a36ea137ef2",NA,2020-10-12,"77","C20:0/C19:0 ratio","MIDI 1208","919201",1.91,1.91,"unitless","C19:0","unitless","0",NA,"20210123T023002Z"
"4a696465-a5bc-455e-bb97-7658be6600e9",NA,2020-10-12,"79","C20:0/C19:0 ratio","MIDI 1208","919201",1.91,1.91,"unitless","C19:0","unitless","0",NA,"20210123T023002Z"
"99a73af1-241b-4943-bfef-be806d310c92",NA,2020-10-12,"79","C20:0/C19:0 ratio","MIDI 1208","919201",1.91,1.91,"unitless","C19:0","unitless","0",NA,"20210123T023002Z"
"79ba285f-f5a6-46e1-95d5-47f5142743cc",NA,2020-10-02,"69","C20:0/C19:0 ratio","MIDI 1208","919201",1.91,1.91,"unitless","C19:0","unitless","0",NA,"20210123T023002Z"
"7f2e42e3-7288-4059-ac32-965c95e57420",NA,2020-10-02,"69","C20:0/C19:0 ratio","MIDI 1208","919201",1.91,1.91,"unitless","C19:0","unitless","0",NA,"20210123T023002Z"
"8a76f58e-9009-434a-9c17-809c10fa6a35",NA,2020-10-02,"69","C20:0/C19:0 ratio","MIDI 1208","919201",1.91,1.92,"unitless","C19:0","unitless","0",NA,"20210123T023002Z"
"9fc25e9f-f742-44af-889e-47bc0ce04181",NA,2020-10-02,"65","C20:0/C19:0 ratio","MIDI 1208","919201",1.91,1.91,"unitless","C19:0","unitless","0",NA,"20210123T023002Z"
"fdd35d5d-abdd-464c-baca-77e458c07c26",NA,2020-10-02,"65","C20:0/C19:0 ratio","MIDI 1208","919201",1.91,1.89,"unitless","C19:0","unitless","0",NA,"20210123T023002Z"
"b10f7327-5b9b-4e17-934c-3afbf32b386c",NA,2020-10-02,"65","C20:0/C19:0 ratio","MIDI 1208","919201",1.91,1.91,"unitless","C19:0","unitless","0",NA,"20210123T023002Z"
"a7e18cb9-b3d5-4dee-8472-a1554799b975",NA,2020-10-02,"65","C20:0/C19:0 ratio","MIDI 1208","919201",1.91,1.91,"unitless","C19:0","unitless","0",NA,"20210123T023002Z"
"4e6ced71-5f23-457f-a518-6521fd9f545d",NA,2020-10-02,"65","C20:0/C19:0 ratio","MIDI 1208","919201",1.91,1.92,"unitless","C19:0","unitless","0",NA,"20210123T023002Z"
"22c36111-e4cd-4128-b0c7-23364b92354e",NA,2020-10-02,"65","C20:0/C19:0 ratio","MIDI 1208","919201",1.91,1.9,"unitless","C19:0","unitless","0",NA,"20210123T023002Z"
"eb3ce224-9933-42f7-9c89-37757d6136a9",NA,2020-09-21,"68","C20:0/C19:0 ratio","MIDI 1208","919201",1.91,1.91,"unitless","C19:0","unitless","0",NA,"20210123T023002Z"
"39de3bbb-b358-46df-8b83-36983429c800",NA,2020-09-21,"68","C20:0/C19:0 ratio","MIDI 1208","919201",1.91,1.9,"unitless","C19:0","unitless","0",NA,"20210123T023002Z"
"77042c26-5f43-423a-879e-91c4367dd7f6",NA,2020-09-21,"68","C20:0/C19:0 ratio","MIDI 1208","919201",1.91,1.9,"unitless","C19:0","unitless","0",NA,"20210123T023002Z"
"818e61b4-7f74-4a5b-9d27-778b75ee4cbf",NA,2020-09-21,"68","C20:0/C19:0 ratio","MIDI 1208","919201",1.91,1.9,"unitless","C19:0","unitless","0",NA,"20210123T023002Z"
"f3b905c7-6d71-470d-9c81-01bd07264e05",NA,2020-09-21,"68","C20:0/C19:0 ratio","MIDI 1208","919201",1.91,1.9,"unitless","C19:0","unitless","0",NA,"20210123T023002Z"
"954a54c0-a49a-490d-8a86-7e50452d7204",NA,2020-09-18,"63","C20:0/C19:0 ratio","MIDI 1208","919201",1.91,1.9,"unitless","C19:0","unitless","0",NA,"20210123T023002Z"
"d3b1d1da-0332-492d-9060-1b2cd771dc84",NA,2020-09-18,"63","C20:0/C19:0 ratio","MIDI 1208","919201",1.91,1.9,"unitless","C19:0","unitless","0",NA,"20210123T023002Z"
"afbb016a-9332-4099-ada9-58855116f05a",NA,2020-09-18,"63","C20:0/C19:0 ratio","MIDI 1208","919201",1.91,1.9,"unitless","C19:0","unitless","0",NA,"20210123T023002Z"
"6223873d-7607-4662-999c-16bdde6b69c9",NA,2020-09-18,"63","C20:0/C19:0 ratio","MIDI 1208","919201",1.91,1.9,"unitless","C19:0","unitless","0",NA,"20210123T023002Z"
"12b138ce-49d6-409f-91b9-d049f1f3d67f",NA,2020-09-18,"63","C20:0/C19:0 ratio","MIDI 1208","919201",1.91,1.9,"unitless","C19:0","unitless","0",NA,"20210123T023002Z"
"91d62c9f-086e-49fd-90f4-54c5853fa791",NA,2020-09-18,"63","C20:0/C19:0 ratio","MIDI 1208","919201",1.91,1.9,"unitless","C19:0","unitless","0",NA,"20210123T023002Z"
"034bd7c1-db06-4e8d-be3c-14ffbbfa26dc",NA,2020-09-18,"63","C20:0/C19:0 ratio","MIDI 1208","919201",1.91,1.9,"unitless","C19:0","unitless","0",NA,"20210123T023002Z"
"26120aab-3063-4876-9563-08aaac615842",NA,2020-09-11,"67","C20:0/C19:0 ratio","MIDI 1208","919201",1.91,1.9,"unitless","C19:0","unitless","0",NA,"20210123T023002Z"
"0e5fd8ee-c441-4563-9dbb-96905da65e17",NA,2020-09-11,"67","C20:0/C19:0 ratio","MIDI 1208","919201",1.91,1.9,"unitless","C19:0","unitless","0",NA,"20210123T023002Z"
"f8bfc0be-7b6a-47b0-adb8-6a783c3b9828",NA,2020-09-11,"67","C20:0/C19:0 ratio","MIDI 1208","919201",1.91,1.9,"unitless","C19:0","unitless","0",NA,"20210123T023002Z"
"061d16e3-4e5e-4e27-a9a7-81e8b052a4d4",NA,2020-09-11,"67","C20:0/C19:0 ratio","MIDI 1208","919201",1.91,1.9,"unitless","C19:0","unitless","0",NA,"20210123T023002Z"
"b50968c3-a53c-4ee2-9131-b0086af130e7",NA,2020-09-11,"66","C20:0/C19:0 ratio","MIDI 1208","919201",1.91,1.9,"unitless","C19:0","unitless","0",NA,"20210123T023002Z"
"e44f681d-e436-413c-b7d5-556f1ec62be4",NA,2020-09-11,"66","C20:0/C19:0 ratio","MIDI 1208","919201",1.91,1.9,"unitless","C19:0","unitless","0",NA,"20210123T023002Z"
"a54db72d-4e46-41e6-844c-8df4312a5a13",NA,2020-09-11,"66","C20:0/C19:0 ratio","MIDI 1208","919201",1.91,1.9,"unitless","C19:0","unitless","0",NA,"20210123T023002Z"
"d0bdfc03-967b-46ca-b007-30041fcd2cec",NA,2020-09-11,"66","C20:0/C19:0 ratio","MIDI 1208","919201",1.91,1.9,"unitless","C19:0","unitless","0",NA,"20210123T023002Z"
"3c6d3b25-5433-402b-9279-93652718285a",NA,2020-09-09,"61","C20:0/C19:0 ratio","MIDI 1208","919201",1.91,1.9,"unitless","C19:0","unitless","0",NA,"20210123T023002Z"
"9b21cfae-a56f-4727-a507-4c26738d50e9",NA,2020-09-09,"61","C20:0/C19:0 ratio","MIDI 1208","919201",1.91,1.9,"unitless","C19:0","unitless","0",NA,"20210123T023002Z"
"aa6d493b-1e33-432b-833e-24b37297020f",NA,2020-09-09,"61","C20:0/C19:0 ratio","MIDI 1208","919201",1.91,1.9,"unitless","C19:0","unitless","0",NA,"20210123T023002Z"
"76335603-2c52-4a8d-bfdc-bd23f4a27b6e",NA,2020-09-07,"60","C20:0/C19:0 ratio","MIDI 1208","919201",1.91,1.92,"unitless","C19:0","unitless","0",NA,"20210123T023002Z"
"42019815-dac3-4065-ae74-24dc09963fbf",NA,2020-09-07,"60","C20:0/C19:0 ratio","MIDI 1208","919201",1.91,1.91,"unitless","C19:0","unitless","0",NA,"20210123T023002Z"
"260cd88e-568d-4f6a-8094-8f3b964275e1",NA,2020-09-07,"60","C20:0/C19:0 ratio","MIDI 1208","919201",1.91,1.91,"unitless","C19:0","unitless","0",NA,"20210123T023002Z"
"51f0714f-7445-464e-b3ee-47bb66eacc79",NA,2020-09-08,"54","C20:0/C19:0 ratio","MIDI 1208","919201",1.91,1.9,"unitless","C19:0","unitless","0",NA,"20210123T023002Z"
"c41f0fc6-97f3-46cd-ac52-20d3ce8849dd",NA,2020-09-08,"54","C20:0/C19:0 ratio","MIDI 1208","919201",1.91,1.9,"unitless","C19:0","unitless","0",NA,"20210123T023002Z"
"8ba5f115-7e67-4352-904a-418501ba73b6",NA,2020-09-08,"54","C20:0/C19:0 ratio","MIDI 1208","919201",1.91,1.9,"unitless","C19:0","unitless","0",NA,"20210123T023002Z"
"317ef948-f624-4e7d-841c-57afbf7dc928",NA,2020-09-08,"54","C20:0/C19:0 ratio","MIDI 1208","919201",1.91,1.9,"unitless","C19:0","unitless","0",NA,"20210123T023002Z"
"20cf249e-1d6a-42cb-a302-d082d617feb5",NA,2020-09-08,"54","C20:0/C19:0 ratio","MIDI 1208","919201",1.91,1.9,"unitless","C19:0","unitless","0",NA,"20210123T023002Z"
"b9fa3b4c-eb2e-491c-a233-0c5b1a452551",NA,2020-09-08,"54","C20:0/C19:0 ratio","MIDI 1208","919201",1.91,1.9,"unitless","C19:0","unitless","0",NA,"20210123T023002Z"
"d31ddace-5141-4e81-b496-6eb4f2ff84c9",NA,2020-09-04,"51","C20:0/C19:0 ratio","MIDI 1208","919201",1.91,1.9,"unitless","C19:0","unitless","0",NA,"20210123T023002Z"
"a2cdd1f8-9730-4e44-8c72-b4a35f73a731",NA,2020-09-04,"51","C20:0/C19:0 ratio","MIDI 1208","919201",1.91,1.9,"unitless","C19:0","unitless","0",NA,"20210123T023002Z"
"8186041b-f271-43aa-8224-5442e6125385",NA,2020-09-04,"51","C20:0/C19:0 ratio","MIDI 1208","919201",1.91,1.9,"unitless","C19:0","unitless","0",NA,"20210123T023002Z"
"0decdb6e-3757-433c-acdf-03049c140d6d",NA,2020-09-04,"51","C20:0/C19:0 ratio","MIDI 1208","919201",1.91,1.9,"unitless","C19:0","unitless","0",NA,"20210123T023002Z"
"359291e6-7575-447d-8b81-8f0656c6b252",NA,2020-09-04,"51","C20:0/C19:0 ratio","MIDI 1208","919201",1.91,1.9,"unitless","C19:0","unitless","0",NA,"20210123T023002Z"
"387a2613-3cd2-4cb5-816e-87c6c9c8e4f0",NA,2020-09-04,"51","C20:0/C19:0 ratio","MIDI 1208","919201",1.91,1.9,"unitless","C19:0","unitless","0",NA,"20210123T023002Z"
"f47b4a8b-fda3-4464-8d94-3a46e7d33f4d",NA,2020-09-03,"62","C20:0/C19:0 ratio","MIDI 1208","919201",1.91,1.9,"unitless","C19:0","unitless","0",NA,"20210123T023002Z"
"652764e5-4a82-42d0-9ee0-c182e4da93f0",NA,2020-09-03,"62","C20:0/C19:0 ratio","MIDI 1208","919201",1.91,1.9,"unitless","C19:0","unitless","0",NA,"20210123T023002Z"
"63589187-e31b-4829-8f83-b264da9409ec",NA,2020-09-03,"62","C20:0/C19:0 ratio","MIDI 1208","919201",1.91,1.9,"unitless","C19:0","unitless","0",NA,"20210123T023002Z"
"185a8b73-39b0-41dc-b435-c41fdd21952a",NA,2020-09-02,"48","C20:0/C19:0 ratio","MIDI 1208","919201",1.91,1.92,"unitless","C19:0","unitless","0",NA,"20210123T023002Z"
"e7eb6552-3c81-4c8b-8b40-1abd03f7c006",NA,2020-09-02,"48","C20:0/C19:0 ratio","MIDI 1208","919201",1.91,1.91,"unitless","C19:0","unitless","0",NA,"20210123T023002Z"
"dddc8915-7e2f-4df5-a853-69ffd90c8447",NA,2020-09-02,"48","C20:0/C19:0 ratio","MIDI 1208","919201",1.91,1.91,"unitless","C19:0","unitless","0",NA,"20210123T023002Z"
"7a371220-9a32-4c72-9627-1883a22f5e29",NA,2020-09-02,"59","C20:0/C19:0 ratio","MIDI 1208","919201",1.91,1.91,"unitless","C19:0","unitless","0",NA,"20210123T023002Z"
"f2cfc181-e6f1-407b-8886-95781ce51fd3",NA,2020-09-02,"59","C20:0/C19:0 ratio","MIDI 1208","919201",1.91,1.91,"unitless","C19:0","unitless","0",NA,"20210123T023002Z"
"dc02cd1d-e66b-4623-98b1-54356b4085ae",NA,2020-09-02,"59","C20:0/C19:0 ratio","MIDI 1208","919201",1.91,1.91,"unitless","C19:0","unitless","0",NA,"20210123T023002Z"
"0bd56971-e765-4ee4-a1dc-8d1265a23c00",NA,2020-09-02,"59","C20:0/C19:0 ratio","MIDI 1208","919201",1.91,1.92,"unitless","C19:0","unitless","0",NA,"20210123T023002Z"
"68727757-2946-4cf5-8679-96ab3fd02ca6",NA,2020-09-02,"59","C20:0/C19:0 ratio","MIDI 1208","919201",1.91,1.92,"unitless","C19:0","unitless","0",NA,"20210123T023002Z"
"61183b5f-db17-4d55-9cfe-4ff3e90de73f",NA,2020-08-21,"50","C20:0/C19:0 ratio","MIDI 1208","919201",1.91,1.92,"unitless","C19:0","unitless","0",NA,"20210123T023002Z"
"8c3069a9-fe09-4c38-a29b-27bfe9e8214d",NA,2020-08-21,"50","C20:0/C19:0 ratio","MIDI 1208","919201",1.91,1.92,"unitless","C19:0","unitless","0",NA,"20210123T023002Z"
"9bb5da79-8ba6-4c0b-b619-4c54801d53b9",NA,2020-08-21,"50","C20:0/C19:0 ratio","MIDI 1208","919201",1.91,1.91,"unitless","C19:0","unitless","0",NA,"20210123T023002Z"
"9fa11cc1-d0f7-40de-a1f9-f4724ece1df1",NA,2020-08-21,"50","C20:0/C19:0 ratio","MIDI 1208","919201",1.91,1.91,"unitless","C19:0","unitless","0",NA,"20210123T023002Z"
"c01fa24a-9a30-4b39-9a45-a540301d7561",NA,2020-08-21,"50","C20:0/C19:0 ratio","MIDI 1208","919201",1.91,1.91,"unitless","C19:0","unitless","0",NA,"20210123T023002Z"
"da9d9849-81e7-4d18-ac68-012cb1fc340e",NA,2020-08-21,"50","C20:0/C19:0 ratio","MIDI 1208","919201",1.91,1.91,"unitless","C19:0","unitless","0",NA,"20210123T023002Z"
"59553556-7b15-408c-87cd-3929c2f9726c",NA,2020-08-21,"52","C20:0/C19:0 ratio","MIDI 1208","919201",1.91,1.91,"unitless","C19:0","unitless","0",NA,"20210123T023002Z"
"8406d905-da02-4da2-b07b-8fccd0bf01c8",NA,2020-08-21,"52","C20:0/C19:0 ratio","MIDI 1208","919201",1.91,1.91,"unitless","C19:0","unitless","0",NA,"20210123T023002Z"
"26162fab-bbc0-4a77-9355-1b238dd0bb55",NA,2020-08-21,"52","C20:0/C19:0 ratio","MIDI 1208","919201",1.91,1.92,"unitless","C19:0","unitless","0",NA,"20210123T023002Z"
"fa50dbbd-1aa0-45f0-864c-1986dce89d0d",NA,2020-08-21,"52","C20:0/C19:0 ratio","MIDI 1208","919201",1.91,1.91,"unitless","C19:0","unitless","0",NA,"20210123T023002Z"
"ab68b86b-2542-44d6-8b3c-df454efe4242",NA,2020-08-21,"53","C20:0/C19:0 ratio","MIDI 1208","919201",1.91,1.92,"unitless","C19:0","unitless","0",NA,"20210123T023002Z"
"89775a82-87ee-46ce-bd0f-dc2851af3bc6",NA,2020-08-21,"53","C20:0/C19:0 ratio","MIDI 1208","919201",1.91,1.91,"unitless","C19:0","unitless","0",NA,"20210123T023002Z"
"ac10699a-8a96-4b87-ae32-3adcd183834e",NA,2020-08-21,"53","C20:0/C19:0 ratio","MIDI 1208","919201",1.91,1.91,"unitless","C19:0","unitless","0",NA,"20210123T023002Z"
"674f90fc-1f1c-479d-9e64-1b93e4278cb1",NA,2020-08-21,"49","C20:0/C19:0 ratio","MIDI 1208","919201",1.91,1.91,"unitless","C19:0","unitless","0",NA,"20210123T023002Z"
"ffeee944-6e9d-4683-929e-fb78a8771b47",NA,2020-08-21,"49","C20:0/C19:0 ratio","MIDI 1208","919201",1.91,1.91,"unitless","C19:0","unitless","0",NA,"20210123T023002Z"
"9f6cf636-b0ca-4e25-ae51-c19e49aeef31",NA,2020-08-21,"49","C20:0/C19:0 ratio","MIDI 1208","919201",1.91,1.92,"unitless","C19:0","unitless","0",NA,"20210123T023002Z"
"98b450ed-da59-4a46-8005-a7b658afaca4",NA,2020-07-16,"43","C20:0/C19:0 ratio","MIDI 1208","919201",1.91,1.9,"unitless","C19:0","unitless","0",NA,"20210123T023002Z"
"2eacb2b5-b34a-4a9f-8900-50dc6b2e6c95",NA,2020-07-16,"43","C20:0/C19:0 ratio","MIDI 1208","919201",1.91,1.9,"unitless","C19:0","unitless","0",NA,"20210123T023002Z"
"69f338d2-b12d-4808-b016-de4b2258273b",NA,2020-01-27,"35","C20:0/C19:0 ratio","MIDI 1208","818211",1.91,1.91,"unitless","C19:0","unitless","0",NA,"20210123T023002Z"
"0d42e288-6b40-4673-be00-83860ebb6813",NA,2020-01-27,"35","C20:0/C19:0 ratio","MIDI 1208","818211",1.91,1.91,"unitless","C19:0","unitless","0",NA,"20210123T023002Z"
"78892be9-1e3a-4738-bfbe-d0c161c47c25",NA,2019-12-20,"34","C20:0/C19:0 ratio","MIDI 1208","818211",1.91,1.91,"unitless","C19:0","nanomoles","0",NA,"20210123T023002Z"
"dd074e09-1239-4ca1-a146-6784dc316e1f",NA,2019-12-20,"34","C20:0/C19:0 ratio","MIDI 1208","818211",1.91,1.92,"unitless","C19:0","nanomoles","0",NA,"20210123T023002Z"
"c561367e-5fd3-47bf-87b8-54d313f017cd",NA,2019-12-20,"34","C20:0/C19:0 ratio","MIDI 1208","818211",1.91,1.91,"unitless","C19:0","nanomoles","0",NA,"20210123T023002Z"
"fba38a22-8a48-48b2-ab45-592c37da14d0",NA,2019-12-20,"34","C20:0/C19:0 ratio","MIDI 1208","818211",1.91,1.91,"unitless","C19:0","nanomoles","0",NA,"20210123T023002Z"
"6c065aa2-d73a-441f-ad10-ee3f06324d14",NA,2019-12-20,"34","C20:0/C19:0 ratio","MIDI 1208","818211",1.91,1.92,"unitless","C19:0","nanomoles","0",NA,"20210123T023002Z"
"51e3dc99-cd7d-4a03-a4e6-87ba0d87f3df",NA,2019-12-20,"34","C20:0/C19:0 ratio","MIDI 1208","818211",1.91,1.91,"unitless","C19:0","nanomoles","0",NA,"20210123T023002Z"
"f00251bb-0448-4ba6-80a9-6a215140106c",NA,2019-12-20,"34","C20:0/C19:0 ratio","MIDI 1208","818211",1.91,1.91,"unitless","C19:0","nanomoles","0",NA,"20210123T023002Z"
"8e4dbee9-16ac-4e09-8d24-ef530f167387",NA,2019-12-20,"34","C20:0/C19:0 ratio","MIDI 1208","818211",1.91,1.91,"unitless","C19:0","nanomoles","0",NA,"20210123T023002Z"
"cb39e5aa-9839-4a52-a656-1c3b344c33be",NA,2019-12-20,"34","C20:0/C19:0 ratio","MIDI 1208","818211",1.91,1.91,"unitless","C19:0","nanomoles","0",NA,"20210123T023002Z"
"1bb26f39-a0ae-488f-9a5c-ca5a3a2cd7d4",NA,2019-12-19,"32","C20:0/C19:0 ratio","MIDI 1208","818211",1.91,1.91,"unitless","C19:0","nanomoles","0",NA,"20210123T023002Z"
"497a951b-1ac4-4a43-bdb6-5f23318af2c9",NA,2019-12-19,"32","C20:0/C19:0 ratio","MIDI 1208","818211",1.91,1.91,"unitless","C19:0","nanomoles","0",NA,"20210123T023002Z"
"a63eed9e-b0e9-4b25-b700-8f179a1301af",NA,2019-12-19,"32","C20:0/C19:0 ratio","MIDI 1208","818211",1.91,1.91,"unitless","C19:0","nanomoles","0",NA,"20210123T023002Z"
"d78d66ee-e937-45a9-bef1-b241f6152b52",NA,2019-12-19,"32","C20:0/C19:0 ratio","MIDI 1208","818211",1.91,1.91,"unitless","C19:0","nanomoles","0",NA,"20210123T023002Z"
"498b8fe7-96e5-4638-a237-0e9235e44c15",NA,2019-12-19,"32","C20:0/C19:0 ratio","MIDI 1208","818211",1.91,1.92,"unitless","C19:0","nanomoles","0",NA,"20210123T023002Z"
"26e5a3a7-3edd-4c81-adef-100939823228",NA,2019-12-19,"32","C20:0/C19:0 ratio","MIDI 1208","818211",1.91,1.91,"unitless","C19:0","nanomoles","0",NA,"20210123T023002Z"
"aaf5691d-2cc1-484d-aded-fb0fb8ddc943",NA,2019-12-19,"32","C20:0/C19:0 ratio","MIDI 1208","818211",1.91,1.91,"unitless","C19:0","nanomoles","0",NA,"20210123T023002Z"
"e90e8bd6-70d7-4568-beb1-f91f733466e4",NA,2019-12-20,"33","C20:0/C19:0 ratio","MIDI 1208","818211",1.91,1.91,"unitless","C19:0","nanomoles","0",NA,"20210123T023002Z"
"24f023e8-1ccf-40e4-b733-d941e927a47e",NA,2019-12-20,"33","C20:0/C19:0 ratio","MIDI 1208","818211",1.91,1.92,"unitless","C19:0","nanomoles","0",NA,"20210123T023002Z"
"bedef21d-32a4-4aa5-83a3-bd89acdfa0b4",NA,2019-12-20,"33","C20:0/C19:0 ratio","MIDI 1208","818211",1.91,1.91,"unitless","C19:0","nanomoles","0",NA,"20210123T023002Z"
"2044380d-92b6-4367-9909-2ba3066b30e4",NA,2019-12-20,"33","C20:0/C19:0 ratio","MIDI 1208","818211",1.91,1.91,"unitless","C19:0","nanomoles","0",NA,"20210123T023002Z"
"f5d34d1f-6b2a-46dc-b73d-800f97d1c377",NA,2019-12-20,"33","C20:0/C19:0 ratio","MIDI 1208","818211",1.91,1.91,"unitless","C19:0","nanomoles","0",NA,"20210123T023002Z"
"cf660b90-28b5-4e83-9338-a703cc3ca739",NA,2019-12-20,"33","C20:0/C19:0 ratio","MIDI 1208","818211",1.91,1.92,"unitless","C19:0","nanomoles","0",NA,"20210123T023002Z"
"517c6dd4-83a4-497e-ae70-75549f30c242",NA,2019-12-20,"33","C20:0/C19:0 ratio","MIDI 1208","818211",1.91,1.91,"unitless","C19:0","nanomoles","0",NA,"20210123T023002Z"
"e747ee08-a33e-475e-b5a4-4763373203f5",NA,2019-12-20,"33","C20:0/C19:0 ratio","MIDI 1208","818211",1.91,1.91,"unitless","C19:0","nanomoles","0",NA,"20210123T023002Z"
"1daca84c-e759-43e7-a8a4-ce34d779ebea",NA,2019-12-20,"33","C20:0/C19:0 ratio","MIDI 1208","818211",1.91,1.91,"unitless","C19:0","nanomoles","0",NA,"20210123T023002Z"
"c42e4508-f390-4ffa-9a72-8655e0c9892e",NA,2019-12-13,"27","C20:0","MIDI 1208","818211",11.67,11.64,"nanomoles","C19:0","nanomoles","0",NA,"20210123T023002Z"
"ec013860-5d3e-4170-8082-d68f0379c442",NA,2019-12-13,"27","C20:0","MIDI 1208","818211",11.67,11.63,"nanomoles","C19:0","nanomoles","0",NA,"20210123T023002Z"
"058436d6-fa17-4243-8aa3-81ba866da0fb",NA,2019-12-13,"27","C20:0","MIDI 1208","818211",11.67,11.63,"nanomoles","C19:0","nanomoles","0",NA,"20210123T023002Z"
"cf22442a-a01d-4224-acf6-8a55be2fcd32",NA,2019-12-13,"27","C20:0","MIDI 1208","818211",11.67,11.67,"nanomoles","C19:0","nanomoles","0",NA,"20210123T023002Z"
"4bf67dc7-66d3-4e46-b991-e39a3c9becd6",NA,2019-11-04,"26","C20:0","MIDI 1208","818211",11.67,11.65,"nanomoles","C19:0","nanomoles","0",NA,"20210123T023002Z"
"17124b99-651a-46e7-a5f9-bfeac59de4f1",NA,2019-11-04,"26","C20:0","MIDI 1208","818211",11.67,11.59,"nanomoles","C19:0","nanomoles","0",NA,"20210123T023002Z"
"4a9b3e7a-9cc0-4a1c-a95f-635ec323214f",NA,2019-11-04,"26","C20:0","MIDI 1208","818211",11.67,11.68,"nanomoles","C19:0","nanomoles","0",NA,"20210123T023002Z"
"bd81fe73-96a5-4c19-8ad4-c3f778c98a64",NA,2019-11-04,"26","C20:0","MIDI 1208","818211",11.67,11.65,"nanomoles","C19:0","nanomoles","0",NA,"20210123T023002Z"
"c6f35d17-1dbf-4abd-af27-0bd6cfc32002",NA,2019-10-18,"21","C20:0","MIDI 1208","818211",11.67,11.64,"nanomoles","C19:0","nanomoles","0",NA,"20210123T023002Z"
"4dac2ae9-b479-4f67-9a10-065400085fac",NA,2019-10-18,"21","C20:0","MIDI 1208","818211",11.67,11.61,"nanomoles","C19:0","nanomoles","0",NA,"20210123T023002Z"
"3dd95896-5a83-4a05-9918-7e5c2f978b07",NA,2019-10-18,"21","C20:0","MIDI 1208","818211",11.67,11.62,"nanomoles","C19:0","nanomoles","0",NA,"20210123T023002Z"
"8dfd1a3a-9b21-4b12-8f13-d85168902bd8",NA,2019-10-18,"21","C20:0","MIDI 1208","818211",11.67,11.63,"nanomoles","C19:0","nanomoles","0",NA,"20210123T023002Z"
"dcd4991a-7ed5-497c-ab89-0396c90ebea9",NA,2019-10-18,"21","C20:0","MIDI 1208","818211",11.67,11.61,"nanomoles","C19:0","nanomoles","0",NA,"20210123T023002Z"
"4734a4ff-5dd2-4c42-b960-cd8233bae63c",NA,2019-10-18,"21","C20:0","MIDI 1208","818211",11.67,11.63,"nanomoles","C19:0","nanomoles","0",NA,"20210123T023002Z"
"8f728c82-6528-431b-8223-ef46d727068b",NA,2019-10-18,"21","C20:0","MIDI 1208","818211",11.67,11.63,"nanomoles","C19:0","nanomoles","0",NA,"20210123T023002Z"
"80410bc8-f517-40d3-b228-1c34d1774e6d",NA,2019-10-18,"21","C20:0","MIDI 1208","818211",11.67,11.63,"nanomoles","C19:0","nanomoles","0",NA,"20210123T023002Z"
"68969065-dc79-4db5-bac3-75d4eaa723af",NA,2019-10-18,"22","C20:0","MIDI 1208","818211",11.67,11.63,"nanomoles","C19:0","nanomoles","0",NA,"20210123T023002Z"
"8cc836f6-1652-468d-b052-f419c8bf126d",NA,2019-10-18,"22","C20:0","MIDI 1208","818211",11.67,11.61,"nanomoles","C19:0","nanomoles","0",NA,"20210123T023002Z"
"36c4cca8-b603-4b0a-b704-a2e918a45dc5",NA,2019-10-18,"22","C20:0","MIDI 1208","818211",11.67,11.63,"nanomoles","C19:0","nanomoles","0",NA,"20210123T023002Z"
"7b3196de-ff13-4053-8fa7-58fed8b286f0",NA,2019-10-18,"22","C20:0","MIDI 1208","818211",11.67,11.63,"nanomoles","C19:0","nanomoles","0",NA,"20210123T023002Z"
"64f57d33-c635-4edf-9de8-94745c7f93b6",NA,2019-10-18,"22","C20:0","MIDI 1208","818211",11.67,11.64,"nanomoles","C19:0","nanomoles","0",NA,"20210123T023002Z"
"0fe196fe-a5c0-4177-96df-76d43604722f",NA,2019-10-18,"22","C20:0","MIDI 1208","818211",11.67,11.61,"nanomoles","C19:0","nanomoles","0",NA,"20210123T023002Z"
"8e7c528f-db3e-4b46-a89c-b08226ae7aff",NA,2019-10-18,"22","C20:0","MIDI 1208","818211",11.67,11.62,"nanomoles","C19:0","nanomoles","0",NA,"20210123T023002Z"
"dcac0a94-d3c0-460e-b9d4-8b3d4ad66ead",NA,2019-10-18,"22","C20:0","MIDI 1208","818211",11.67,11.63,"nanomoles","C19:0","nanomoles","0",NA,"20210123T023002Z"
"4affc83d-ab90-4222-9111-b6cfcf4b8dc3",NA,2019-10-18,"23","C20:0","MIDI 1208","818211",11.67,11.63,"nanomoles","C19:0","nanomoles","0",NA,"20210123T023002Z"
"9ee689ea-ea6d-490c-9ef9-005596824205",NA,2019-10-18,"23","C20:0","MIDI 1208","818211",11.67,11.63,"nanomoles","C19:0","nanomoles","0",NA,"20210123T023002Z"
"f53ea381-4b53-4f83-b27d-5f78140eb430",NA,2019-10-18,"23","C20:0","MIDI 1208","818211",11.67,11.63,"nanomoles","C19:0","nanomoles","0",NA,"20210123T023002Z"
"378a762c-108a-4e0a-8a59-ecd28585548a",NA,2019-10-18,"23","C20:0","MIDI 1208","818211",11.67,11.63,"nanomoles","C19:0","nanomoles","0",NA,"20210123T023002Z"
"af32f363-baf8-4b2c-a453-6ce1330daf64",NA,2019-10-18,"23","C20:0","MIDI 1208","818211",11.67,11.61,"nanomoles","C19:0","nanomoles","0",NA,"20210123T023002Z"
"19c6a4fc-247f-4ba1-a7a1-eb3ba77e6876",NA,2019-10-18,"23","C20:0","MIDI 1208","818211",11.67,11.61,"nanomoles","C19:0","nanomoles","0",NA,"20210123T023002Z"
"a0bcaee1-808d-4139-9b5a-27da5100e604",NA,2019-10-18,"23","C20:0","MIDI 1208","818211",11.67,11.64,"nanomoles","C19:0","nanomoles","0",NA,"20210123T023002Z"
"095122a0-fd23-4eb0-a4f1-a636828a56f1",NA,2019-10-18,"23","C20:0","MIDI 1208","818211",11.67,11.62,"nanomoles","C19:0","nanomoles","0",NA,"20210123T023002Z"
"cd3aa83d-af50-429c-bb58-e9424b4775eb",NA,2019-10-18,"24","C20:0","MIDI 1208","818211",11.67,11.63,"nanomoles","C19:0","nanomoles","0",NA,"20210123T023002Z"
"fc43ba0e-7c2d-4d48-a02d-b34dc23d3979",NA,2019-10-18,"24","C20:0","MIDI 1208","818211",11.67,11.63,"nanomoles","C19:0","nanomoles","0",NA,"20210123T023002Z"
"e80bb253-e38e-44df-b065-cd8e3171a1d6",NA,2019-10-18,"24","C20:0","MIDI 1208","818211",11.67,11.63,"nanomoles","C19:0","nanomoles","0",NA,"20210123T023002Z"
"6b256b3f-f3d5-4301-9cb7-cbf3ebb32654",NA,2019-10-18,"24","C20:0","MIDI 1208","818211",11.67,11.61,"nanomoles","C19:0","nanomoles","0",NA,"20210123T023002Z"
"11d0f2de-2435-4bf4-bff5-6e5de727a2be",NA,2019-10-18,"24","C20:0","MIDI 1208","818211",11.67,11.64,"nanomoles","C19:0","nanomoles","0",NA,"20210123T023002Z"
"7f360fb7-5a6e-476d-aae2-566e28a75810",NA,2019-10-18,"24","C20:0","MIDI 1208","818211",11.67,11.61,"nanomoles","C19:0","nanomoles","0",NA,"20210123T023002Z"
"7cba84b6-9347-47c6-a0ef-6c01c4dac223",NA,2019-10-18,"24","C20:0","MIDI 1208","818211",11.67,11.62,"nanomoles","C19:0","nanomoles","0",NA,"20210123T023002Z"
"42a16809-2d40-4425-b50a-cf16281df584",NA,2019-10-18,"24","C20:0","MIDI 1208","818211",11.67,11.63,"nanomoles","C19:0","nanomoles","0",NA,"20210123T023002Z"
"a9b1faa8-e68c-47dd-b66d-d1a32bb5cecd",NA,2019-09-18,"20","C20:0","MIDI 1208","818211",11.67,11.65,"nanomoles","C19:0","nanomoles","0",NA,"20210123T023002Z"
"f2ca987f-2df0-4b4a-b953-be06adf6a778",NA,2019-09-18,"20","C20:0","MIDI 1208","818211",11.67,11.63,"nanomoles","C19:0","nanomoles","0",NA,"20210123T023002Z"
"58482b23-38d8-47f5-9b1c-8f65dbf85937",NA,2019-09-18,"20","C20:0","MIDI 1208","818211",11.67,11.61,"nanomoles","C19:0","nanomoles","0",NA,"20210123T023002Z"
"94071e2b-6986-47e7-8cf3-324a099001de",NA,2019-09-18,"19","C20:0","MIDI 1208","818211",11.67,11.63,"nanomoles","C19:0","nanomoles","0",NA,"20210123T023002Z"
"ad779b73-c965-4378-8966-94195630e2b4",NA,2019-09-18,"19","C20:0","MIDI 1208","818211",11.67,11.61,"nanomoles","C19:0","nanomoles","0",NA,"20210123T023002Z"
"47591d9a-af55-49ad-a494-ed9061880f53",NA,2019-09-18,"19","C20:0","MIDI 1208","818211",11.67,11.61,"nanomoles","C19:0","nanomoles","0",NA,"20210123T023002Z"
"2a8ab794-4715-4991-9aee-97dd2ee95c0d",NA,2019-09-18,"19","C20:0","MIDI 1208","818211",11.67,11.6,"nanomoles","C19:0","nanomoles","0",NA,"20210123T023002Z"
"b541cd84-5e18-4fba-9838-3f4063cba3b6",NA,2019-09-18,"19","C20:0","MIDI 1208","818211",11.67,11.63,"nanomoles","C19:0","nanomoles","0",NA,"20210123T023002Z"
"9a50a867-a16e-42a0-8ea2-fb3b8db78d50",NA,2019-09-18,"19","C20:0","MIDI 1208","818211",11.67,11.65,"nanomoles","C19:0","nanomoles","0",NA,"20210123T023002Z"
"c7779cf1-b082-4736-b549-7d3dd5655043",NA,2019-09-12,"18","C20:0","MIDI 1208","818211",11.67,11.6,"nanomoles","C19:0","nanomoles","0",NA,"20210123T023002Z"
"b33b7982-56fa-4876-ba59-ab022fc2d962",NA,2019-09-12,"18","C20:0","MIDI 1208","818211",11.67,11.61,"nanomoles","C19:0","nanomoles","0",NA,"20210123T023002Z"
"368f9355-0036-477f-b0ba-d3b7c398599e",NA,2019-09-12,"18","C20:0","MIDI 1208","818211",11.67,11.63,"nanomoles","C19:0","nanomoles","0",NA,"20210123T023002Z"
"a98c716a-7118-4ff0-80d4-4017e205b1e2",NA,2019-09-09,"17","C20:0","MIDI 1208","818211",11.67,11.61,"nanomoles","C19:0","nanomoles","0",NA,"20210123T023002Z"
"ce332c8c-e420-48ff-9a41-6ae0d4dda850",NA,2019-09-09,"17","C20:0","MIDI 1208","818211",11.67,11.63,"nanomoles","C19:0","nanomoles","0",NA,"20210123T023002Z"
"b6ece633-edac-475e-bd55-6c85140c26e9",NA,2019-09-09,"17","C20:0","MIDI 1208","818211",11.67,11.64,"nanomoles","C19:0","nanomoles","0",NA,"20210123T023002Z"
"e5e346e2-b618-4cb8-9e0d-721abe12d952",NA,2019-09-09,"17","C20:0","MIDI 1208","818211",11.67,11.63,"nanomoles","C19:0","nanomoles","0",NA,"20210123T023002Z"
"12dbc6ec-ee19-476a-bd91-7b70e45ca913",NA,2019-09-09,"17","C20:0","MIDI 1208","818211",11.67,11.62,"nanomoles","C19:0","nanomoles","0",NA,"20210123T023002Z"
"93ac817f-95fb-42d9-abc8-6950d26bef63",NA,2019-09-09,"17","C20:0","MIDI 1208","818211",11.67,11.6,"nanomoles","C19:0","nanomoles","0",NA,"20210123T023002Z"
"59593e73-873b-44da-bb78-d6f19662b3a7",NA,2019-09-09,"17","C20:0","MIDI 1208","818211",11.67,11.58,"nanomoles","C19:0","nanomoles","0",NA,"20210123T023002Z"
"60a9113a-882c-4d17-8f61-9d0e55646379",NA,2019-07-30,"14","C20:0","MIDI 1208","818211",11.67,11.67,"nanomoles","C19:0","nanomoles","0",NA,"20210123T023002Z"
"3d6867f6-2f40-4319-afe5-c832d2e7213f",NA,2019-07-30,"14","C20:0","MIDI 1208","818211",11.67,11.64,"nanomoles","C19:0","nanomoles","0",NA,"20210123T023002Z"
"8c10bcef-ded2-4368-9445-e6e32e492a99",NA,2019-08-14,"15","C20:0","MIDI 1208","818211",11.67,11.66,"nanomoles","C19:0","nanomoles","0",NA,"20210123T023002Z"
"8b50d13e-2623-4b95-a8d8-327aa8429c2e",NA,2019-08-14,"15","C20:0","MIDI 1208","818211",11.67,11.63,"nanomoles","C19:0","nanomoles","0",NA,"20210123T023002Z"
"2c5bd293-4577-4060-8bc0-8766d11d625c",NA,2019-08-14,"15","C20:0","MIDI 1208","818211",11.67,11.64,"nanomoles","C19:0","nanomoles","0",NA,"20210123T023002Z"
"57e57959-6f88-426a-9407-823d37464c31",NA,2019-08-14,"16","C20:0","MIDI 1208","818211",11.67,11.63,"nanomoles","C19:0","nanomoles","0",NA,"20210123T023002Z"
"10acef6f-12c4-4056-9896-97b0526defda",NA,2019-08-14,"16","C20:0","MIDI 1208","818211",11.67,11.62,"nanomoles","C19:0","nanomoles","0",NA,"20210123T023002Z"
"2578bcb6-c3c6-4eb5-8e60-af3b746c399f",NA,2019-08-14,"16","C20:0","MIDI 1208","818211",11.67,11.64,"nanomoles","C19:0","nanomoles","0",NA,"20210123T023002Z"
"fc08a40a-f639-4ad7-ba09-b4e8172c273a",NA,2019-08-14,"16","C20:0","MIDI 1208","818211",11.67,11.61,"nanomoles","C19:0","nanomoles","0",NA,"20210123T023002Z"
"8bfaae36-fe2a-443b-95d5-ae3ea6a0581b",NA,2019-07-30,"12","C20:0","MIDI 1208","818211",11.67,11.6,"nanomoles","C19:0","nanomoles","0",NA,"20210123T023002Z"
"d157cdf0-5cc0-4489-9bd1-d7d49c6586da",NA,2019-07-30,"12","C20:0","MIDI 1208","818211",11.67,11.61,"nanomoles","C19:0","nanomoles","0",NA,"20210123T023002Z"
"5215d69e-64eb-41c3-a290-395cc701466d",NA,2019-07-30,"12","C20:0","MIDI 1208","818211",11.67,11.6,"nanomoles","C19:0","nanomoles","0",NA,"20210123T023002Z"
"c66b8103-7e61-4100-9b8e-612237c75019",NA,2019-07-30,"13","C20:0","MIDI 1208","818211",11.67,11.64,"nanomoles","C19:0","nanomoles","0",NA,"20210123T023002Z"
"87cc3195-a6a9-40d9-bacf-9e3deb323e56",NA,2019-07-30,"13","C20:0","MIDI 1208","818211",11.67,11.65,"nanomoles","C19:0","nanomoles","0",NA,"20210123T023002Z"
"e448d690-f62b-47d5-bb35-da82334b5b35",NA,2019-07-30,"13","C20:0","MIDI 1208","818211",11.67,11.6,"nanomoles","C19:0","nanomoles","0",NA,"20210123T023002Z"
"c3b20df3-dcfb-42c1-8f0a-1d2960cbf320",NA,2019-07-30,"13","C20:0","MIDI 1208","818211",11.67,11.67,"nanomoles","C19:0","nanomoles","0",NA,"20210123T023002Z"
"3f0e4ec3-4e70-4176-9056-811040578550",NA,2019-07-30,"13","C20:0","MIDI 1208","818211",11.67,11.61,"nanomoles","C19:0","nanomoles","0",NA,"20210123T023002Z"
"4c95875a-da81-4cb3-a029-2cd78dc9f2ee",NA,2019-07-30,"13","C20:0","MIDI 1208","818211",11.67,11.6,"nanomoles","C19:0","nanomoles","0",NA,"20210123T023002Z"
"b7c8d12f-eac6-488c-a5f4-b0cabe2a3f54",NA,2019-07-05,"11","C20:0","MIDI 1208","818211",11.67,11.61,"nanomoles","C19:0","nanomoles","0",NA,"20210123T023002Z"
"c5ff4a58-6323-4f35-94c2-dc39d09fb9f8",NA,2019-07-05,"11","C20:0","MIDI 1208","818211",11.67,11.57,"nanomoles","C19:0","nanomoles","0",NA,"20210123T023002Z"
"eb1e43a4-2d14-43bb-9c67-fdc035dda88f",NA,2019-07-05,"11","C20:0","MIDI 1208","818211",11.67,11.59,"nanomoles","C19:0","nanomoles","0",NA,"20210123T023002Z"
"49f8004c-e4e9-49ce-bba9-35dd165d8391",NA,2019-07-05,"11","C20:0","MIDI 1208","818211",11.67,11.57,"nanomoles","C19:0","nanomoles","0",NA,"20210123T023002Z"
"d040e892-a72b-4956-9323-da563f6fe849",NA,2019-07-05,"10","C20:0","MIDI 1208","818211",11.67,11.63,"nanomoles","C19:0","nanomoles","0",NA,"20210123T023002Z"
"7b790a2d-43c5-495b-a96d-27031bf81312",NA,2019-07-05,"10","C20:0","MIDI 1208","818211",11.67,11.63,"nanomoles","C19:0","nanomoles","0",NA,"20210123T023002Z"
"7cfc267e-e01c-42d6-b217-ee64b831d86d",NA,2019-07-05,"10","C20:0","MIDI 1208","818211",11.67,11.57,"nanomoles","C19:0","nanomoles","0",NA,"20210123T023002Z"
"e9da133d-5ec2-49d2-8420-38f629807b57",NA,2019-07-05,"10","C20:0","MIDI 1208","818211",11.67,11.57,"nanomoles","C19:0","nanomoles","0",NA,"20210123T023002Z"
"df108521-f58a-49e6-bb0d-4c52928d4b66",NA,2019-07-05,"10","C20:0","MIDI 1208","818211",11.67,11.59,"nanomoles","C19:0","nanomoles","0",NA,"20210123T023002Z"
"4f6029ed-3db3-47f2-af4c-d9e41a5be64a",NA,2019-07-05,"10","C20:0","MIDI 1208","818211",11.67,11.62,"nanomoles","C19:0","nanomoles","0",NA,"20210123T023002Z"
"f8214f5f-3c02-4051-b90a-9d9716db3426",NA,2019-07-05,"10","C20:0","MIDI 1208","818211",11.67,11.65,"nanomoles","C19:0","nanomoles","0",NA,"20210123T023002Z"
"1b66b970-7516-4fbb-9dba-f287d239d693",NA,2019-07-05,"10","C20:0","MIDI 1208","818211",11.67,11.61,"nanomoles","C19:0","nanomoles","0",NA,"20210123T023002Z"
"d99de29e-755d-4036-8d28-826ff2ee0592",NA,2019-06-10,"8","C20:0","MIDI 1208","818211",11.67,11.62,"nanomoles","C19:0","nanomoles","0",NA,"20210123T023002Z"
"65c17f0d-5fa9-4866-b207-3a1c55eb1204",NA,2019-06-10,"8","C20:0","MIDI 1208","818211",11.67,11.65,"nanomoles","C19:0","nanomoles","0",NA,"20210123T023002Z"
"a0512465-ca7e-4cfc-b168-6cf5b7270433",NA,2019-06-10,"8","C20:0","MIDI 1208","818211",11.67,11.63,"nanomoles","C19:0","nanomoles","0",NA,"20210123T023002Z"
"4bf524cf-359e-42b1-be1a-cac211a3a7c4",NA,2019-06-10,"8","C20:0","MIDI 1208","818211",11.67,11.63,"nanomoles","C19:0","nanomoles","0",NA,"20210123T023002Z"
"4c6cf3c0-74c1-4473-a9d6-f8aa910e2f69",NA,2019-06-07,"5","C20:0","MIDI 1208","813240",11.67,11.63,"nanomoles","C19:0","nanomoles","0",NA,"20210123T023002Z"
"572ab0a1-daf5-437e-a823-bcc5ec1c0450",NA,2019-06-07,"5","C20:0","MIDI 1208","813240",11.67,11.63,"nanomoles","C19:0","nanomoles","0",NA,"20210123T023002Z"
"db1a43ae-552a-4739-b6b6-1469154bbb4a",NA,2019-06-07,"5","C20:0","MIDI 1208","818211",11.67,11.63,"nanomoles","C19:0","nanomoles","0",NA,"20210123T023002Z"
"9698df27-6e1d-4897-a6a8-215b39f3686d",NA,2019-06-07,"5","C20:0","MIDI 1208","818211",11.67,11.61,"nanomoles","C19:0","nanomoles","0",NA,"20210123T023002Z"
"c80beb43-2e90-43bd-b7fb-e168f76da0e2",NA,2019-06-07,"5","C20:0","MIDI 1208","818211",11.67,11.63,"nanomoles","C19:0","nanomoles","0",NA,"20210123T023002Z"
"00dff2a6-9c96-429f-9190-ed3c0776398b",NA,2019-06-07,"5","C20:0","MIDI 1208","818211",11.67,11.63,"nanomoles","C19:0","nanomoles","0",NA,"20210123T023002Z"
"9fd44c4d-2c86-4603-8a6d-965282b07052",NA,2019-06-07,"5","C20:0","MIDI 1208","813240",11.67,11.62,"nanomoles","C19:0","nanomoles","0",NA,"20210123T023002Z"
"06374f7b-04f5-4fbf-83f5-23b29b2c6b0a",NA,2019-06-07,"5","C20:0","MIDI 1208","818211",11.67,11.67,"nanomoles","C19:0","nanomoles","0",NA,"20210123T023002Z"
"71c379fa-1429-4c9b-9d73-cd04ab0deb1a",NA,2019-06-07,"5","C20:0","MIDI 1208","813240",11.67,11.61,"nanomoles","C19:0","nanomoles","0",NA,"20210123T023002Z"
"ff2ca1dc-a1db-4bfb-a97e-10c24122a5ae",NA,2019-06-07,"5","C20:0","MIDI 1208","813240",11.67,11.64,"nanomoles","C19:0","nanomoles","0",NA,"20210123T023002Z"
"9bfeac0e-82cd-4195-83e3-64221e295634",NA,2019-06-07,"5","C20:0","MIDI 1208","813240",11.67,11.64,"nanomoles","C19:0","nanomoles","0",NA,"20210123T023002Z"
"ef8af049-33fb-4bc3-9570-827feef0cb5d",NA,2019-06-07,"5","C20:0","MIDI 1208","818211",11.67,11.64,"nanomoles","C19:0","nanomoles","0",NA,"20210123T023002Z"
"79514362-84e6-45c4-93cd-216d213d08b6",NA,2019-06-07,"5","C20:0","MIDI 1208","818211",11.67,11.64,"nanomoles","C19:0","nanomoles","0",NA,"20210123T023002Z"
"65c37f2d-eeab-4d6f-8d5c-0894494f9a91",NA,2019-06-07,"6","C20:0","MIDI 1208","818211",11.67,11.63,"nanomoles","C19:0","nanomoles","0",NA,"20210123T023002Z"
"42189ea8-248d-4e9d-9a7d-9cdccad9ae21",NA,2019-06-07,"6","C20:0","MIDI 1208","818211",11.67,11.61,"nanomoles","C19:0","nanomoles","0",NA,"20210123T023002Z"
"5408f048-cd04-4c95-9dde-4e54e5088b90",NA,2019-06-07,"6","C20:0","MIDI 1208","818211",11.67,11.63,"nanomoles","C19:0","nanomoles","0",NA,"20210123T023002Z"
"a2c0bb4f-6594-42c6-a892-046d60c05fe0",NA,2019-06-07,"9","C20:0","MIDI 1208","818211",11.67,11.63,"nanomoles","C19:0","nanomoles","0",NA,"20210123T023002Z"
"82121db5-cdbc-45a0-99aa-b489c7b1cc7f",NA,2019-06-07,"9","C20:0","MIDI 1208","818211",11.67,11.6,"nanomoles","C19:0","nanomoles","0",NA,"20210123T023002Z"
"6841fbcb-ded1-4d37-a5c5-7f253f3dfbf7",NA,2019-06-07,"9","C20:0","MIDI 1208","818211",11.67,11.62,"nanomoles","C19:0","nanomoles","0",NA,"20210123T023002Z"
"6a13f37f-18ff-496c-ac64-bfacb6d6c464",NA,2019-06-07,"9","C20:0","MIDI 1208","818211",11.67,11.63,"nanomoles","C19:0","nanomoles","0",NA,"20210123T023002Z"
"151dbfef-745f-42e3-bd1a-de81cbdbfcc3",NA,2019-06-07,"7","C20:0","MIDI 1208","818211",11.67,11.63,"nanomoles","C19:0","nanomoles","0",NA,"20210123T023002Z"
"02cf0a32-f479-4b34-ab9a-11f7325de620",NA,2019-06-07,"7","C20:0","MIDI 1208","818211",11.67,11.62,"nanomoles","C19:0","nanomoles","0",NA,"20210123T023002Z"
"ccfcbacc-0360-49aa-ba61-7ac797a12be0",NA,2019-06-07,"7","C20:0","MIDI 1208","818211",11.67,11.6,"nanomoles","C19:0","nanomoles","0",NA,"20210123T023002Z"
"f4e114c7-466d-4a91-8c52-2e9b6797dea0",NA,2019-06-07,"7","C20:0","MIDI 1208","818211",11.67,11.63,"nanomoles","C19:0","nanomoles","0",NA,"20210123T023002Z"
"e98000a5-7ee8-4ed9-aced-587818cad9a2",NA,2019-05-22,"3","C20:0","MIDI 1208","813240",11.67,11.63,"nanomoles","C19:0","nanomoles","0",NA,"20210123T023002Z"
"43386791-e901-4ff0-a909-91c80aaefcf7",NA,2019-05-22,"3","C20:0","MIDI 1208","813240",11.67,11.63,"nanomoles","C19:0","nanomoles","0",NA,"20210123T023002Z"
"17b1590f-89f1-494d-857f-f45c79599b5d",NA,2019-05-22,"3","C20:0","MIDI 1208","813240",11.67,11.64,"nanomoles","C19:0","nanomoles","0",NA,"20210123T023002Z"
"9ec2ccdc-1c9b-41b9-8811-b093166cea98",NA,2019-05-22,"3","C20:0","MIDI 1208","813240",11.67,11.65,"nanomoles","C19:0","nanomoles","0",NA,"20210123T023002Z"
"bb67855e-b1bf-42c4-9aa3-5b30d1161ffd",NA,2019-05-22,"3","C20:0","MIDI 1208","813240",11.67,11.66,"nanomoles","C19:0","nanomoles","0",NA,"20210123T023002Z"
"bc0204b9-b83f-4384-8e63-307507937aaa",NA,2019-05-22,"3","C20:0","MIDI 1208","813240",11.67,11.68,"nanomoles","C19:0","nanomoles","0",NA,"20210123T023002Z"
"1632679d-fcc7-4fb5-a678-b95e1c6fd368",NA,2019-05-17,"4","C20:0","MIDI 1208","818211",11.67,11.64,"nanomoles","C19:0","nanomoles","0",NA,"20210123T023002Z"
"87f48df4-852a-4b34-8bee-f4a16b59f5b2",NA,2019-05-17,"4","C20:0","MIDI 1208","818211",11.67,11.64,"nanomoles","C19:0","nanomoles","0",NA,"20210123T023002Z"
"f073e362-9a8d-4043-9ff2-95431048af98",NA,2019-05-17,"4","C20:0","MIDI 1208","813240",11.67,11.64,"nanomoles","C19:0","nanomoles","0",NA,"20210123T023002Z"
"2be04027-9d62-430c-95c7-95473bd7ef18",NA,2019-05-17,"4","C20:0","MIDI 1208","818211",11.67,11.63,"nanomoles","C19:0","nanomoles","0",NA,"20210123T023002Z"
"ed4c64b6-0b6c-479d-a385-d01db7d8b9a7",NA,2019-05-17,"4","C20:0","MIDI 1208","818211",11.67,11.67,"nanomoles","C19:0","nanomoles","0",NA,"20210123T023002Z"
"17f07e83-230b-4760-bbb6-f37dc7aea66e",NA,2019-05-17,"4","C20:0","MIDI 1208","813240",11.67,11.61,"nanomoles","C19:0","nanomoles","0",NA,"20210123T023002Z"
"1d6f3df4-54c5-4f8a-90eb-24b34c8affba",NA,2019-05-17,"4","C20:0","MIDI 1208","813240",11.67,11.63,"nanomoles","C19:0","nanomoles","0",NA,"20210123T023002Z"
"03d79dc3-2a85-481d-b22f-c382e75a1af3",NA,2019-05-17,"4","C20:0","MIDI 1208","813240",11.67,11.64,"nanomoles","C19:0","nanomoles","0",NA,"20210123T023002Z"
"b2bc5bcc-4b07-4a56-be5a-f5c60270eb90",NA,2019-05-17,"4","C20:0","MIDI 1208","813240",11.67,11.63,"nanomoles","C19:0","nanomoles","0",NA,"20210123T023002Z"
"99e68d9d-d475-4876-a8c4-21e6ecf5622d",NA,2019-05-17,"4","C20:0","MIDI 1208","813240",11.67,11.62,"nanomoles","C19:0","nanomoles","0",NA,"20210123T023002Z"
"fe4edcd9-60c9-4b92-b7c9-b9e9154a7389",NA,2019-05-17,"2","C20:0","MIDI 1208","813240",11.67,11.68,"nanomoles","C19:0","nanomoles","0",NA,"20210123T023002Z"
"b80abd53-ce81-4b7e-a31e-016f4cf97f7b",NA,2019-05-17,"2","C20:0","MIDI 1208","813240",11.67,11.66,"nanomoles","C19:0","nanomoles","0",NA,"20210123T023002Z"
"8f977f91-3d8d-4f48-bd1b-3d7415ac00ae",NA,2019-05-17,"2","C20:0","MIDI 1208","813240",11.67,11.65,"nanomoles","C19:0","nanomoles","0",NA,"20210123T023002Z"
"958b5ef0-e039-4cb7-b33a-1da36fde8b14",NA,2019-05-17,"2","C20:0","MIDI 1208","813240",11.67,11.63,"nanomoles","C19:0","nanomoles","0",NA,"20210123T023002Z"
"2fb37621-8ff1-42e8-92f5-30da5266e6b6",NA,2019-05-17,"2","C20:0","MIDI 1208","813240",11.67,11.63,"nanomoles","C19:0","nanomoles","0",NA,"20210123T023002Z"
"fbee979d-49bf-4ed8-af2e-2de7f8118d41",NA,2019-05-17,"2","C20:0","MIDI 1208","813240",11.67,11.65,"nanomoles","C19:0","nanomoles","0",NA,"20210123T023002Z"
"6775b719-bd73-4df3-b076-8532eebc0099",NA,2019-05-17,"2","C20:0","MIDI 1208","813240",11.67,11.64,"nanomoles","C19:0","nanomoles","0",NA,"20210123T023002Z"
"157a4991-67d2-4753-8c53-32d811bb9ee3",NA,2019-05-17,"2","C20:0","MIDI 1208","813240",11.67,11.66,"nanomoles","C19:0","nanomoles","0",NA,"20210123T023002Z"
"f6c5b290-8a05-49ab-948b-04a5926ec779",NA,2019-05-17,"2","C20:0","MIDI 1208","813240",11.67,11.64,"nanomoles","C19:0","nanomoles","0",NA,"20210123T023002Z"
"6b43a80c-466f-4d6f-80fc-7e561af40766",NA,2019-05-17,"2","C20:0","MIDI 1208","813240",11.67,11.66,"nanomoles","C19:0","nanomoles","0",NA,"20210123T023002Z"
"2bd9042c-3a8b-42c6-8334-1ac7f22c6fba",NA,2019-05-17,"2","C20:0","MIDI 1208","813240",11.67,11.64,"nanomoles","C19:0","nanomoles","0",NA,"20210123T023002Z"
"ecf39ce6-da7a-435d-bfce-f669112c4777",NA,2019-05-15,"1","C20:0","MIDI 1208","813240",11.67,11.64,"nanomoles","C19:0","nanomoles","0",NA,"20210123T023002Z"
"4ccda8e8-37bf-4b16-ae50-2b3747e960ea",NA,2019-05-15,"1","C20:0","MIDI 1208","813240",11.67,11.66,"nanomoles","C19:0","nanomoles","0",NA,"20210123T023002Z"
"6754f135-29ad-4018-b818-7bfb7f5204e7",NA,2019-05-15,"1","C20:0","MIDI 1208","813240",11.67,11.66,"nanomoles","C19:0","nanomoles","0",NA,"20210123T023002Z"
"f0b20f1e-d748-4a12-978d-58a3f43c509a",NA,2019-05-15,"1","C20:0","MIDI 1208","813240",11.67,11.64,"nanomoles","C19:0","nanomoles","0",NA,"20210123T023002Z"
"745e579e-4543-47e3-995e-65beb4837337",NA,2019-05-15,"1","C20:0","MIDI 1208","813240",11.67,11.65,"nanomoles","C19:0","nanomoles","0",NA,"20210123T023002Z"
